Name,Label
EMO6.wav,angry
EMO221.wav,angry
EMO330.wav,angry
EMO436.wav,angry
EMO543.wav,angry
EMO654.wav,angry
EMO765.wav,angry
EMO790.wav,angry
EMO899.wav,sad
EMO7.wav,sad
EMO118.wav,sad
EMO140.wav,sad
EMO148.wav,angry
EMO159.wav,angry
EMO178.wav,angry
EMO189.wav,angry
EMO200.wav,angry
EMO210.wav,angry
EMO222.wav,angry
EMO233.wav,sad
EMO244.wav,sad
EMO255.wav,sad
EMO286.wav,angry
EMO297.wav,sad
EMO308.wav,sad
EMO319.wav,sad
EMO331.wav,angry
EMO342.wav,angry
EMO353.wav,angry
EMO364.wav,disgusted
EMO375.wav,angry
EMO437.wav,disgusted
EMO448.wav,neutral
EMO459.wav,disgusted
EMO490.wav,angry
EMO501.wav,angry
EMO522.wav,disgusted
EMO544.wav,satisfied
EMO555.wav,satisfied
EMO566.wav,disgusted
EMO577.wav,disgusted
EMO588.wav,sad
EMO599.wav,sad
EMO610.wav,sad
EMO621.wav,sad
EMO632.wav,disgusted
EMO643.wav,sad
EMO655.wav,angry
EMO666.wav,sad
EMO677.wav,disgusted
EMO688.wav,angry
EMO699.wav,angry
EMO710.wav,disgusted
EMO721.wav,disgusted
EMO732.wav,disgusted
EMO743.wav,angry
EMO754.wav,sad
EMO766.wav,disgusted
EMO777.wav,disgusted
EMO784.wav,disgusted
EMO785.wav,disgusted
EMO786.wav,neutral
EMO787.wav,sad
EMO788.wav,sad
EMO789.wav,sad
EMO791.wav,sad
EMO802.wav,sad
EMO813.wav,disgusted
EMO824.wav,disgusted
EMO834.wav,disgusted
EMO845.wav,satisfied
EMO866.wav,sad
EMO877.wav,sad
EMO888.wav,angry
EMO900.wav,sad
EMO911.wav,sad
EMO922.wav,disgusted
EMO933.wav,disgusted
EMO944.wav,sad
EMO955.wav,satisfied
EMO966.wav,neutral
EMO977.wav,neutral
EMO988.wav,satisfied
EMO999.wav,satisfied
EMO8.wav,satisfied
EMO19.wav,satisfied
EMO30.wav,satisfied
EMO41.wav,neutral
EMO52.wav,neutral
EMO63.wav,neutral
EMO74.wav,neutral
EMO85.wav,satisfied
EMO96.wav,neutral
EMO107.wav,satisfied
EMO119.wav,satisfied
EMO130.wav,satisfied
EMO132.wav,satisfied
EMO133.wav,neutral
EMO134.wav,satisfied
EMO135.wav,satisfied
EMO136.wav,neutral
EMO137.wav,neutral
EMO138.wav,neutral
EMO139.wav,disgusted
EMO141.wav,satisfied
EMO142.wav,satisfied
EMO143.wav,satisfied
EMO144.wav,neutral
EMO145.wav,satisfied
EMO146.wav,satisfied
EMO147.wav,satisfied
EMO149.wav,satisfied
EMO150.wav,satisfied
EMO151.wav,satisfied
EMO152.wav,satisfied
EMO153.wav,satisfied
EMO154.wav,joy
EMO155.wav,joy
EMO156.wav,joy
EMO157.wav,satisfied
EMO158.wav,neutral
EMO160.wav,satisfied
EMO161.wav,satisfied
EMO162.wav,satisfied
EMO163.wav,satisfied
EMO164.wav,satisfied
EMO165.wav,satisfied
EMO166.wav,satisfied
EMO167.wav,satisfied
EMO168.wav,joy
EMO170.wav,satisfied
EMO171.wav,satisfied
EMO172.wav,satisfied
EMO173.wav,satisfied
EMO174.wav,satisfied
EMO175.wav,satisfied
EMO176.wav,satisfied
EMO177.wav,satisfied
EMO179.wav,satisfied
EMO180.wav,satisfied
EMO181.wav,satisfied
EMO182.wav,satisfied
EMO183.wav,satisfied
EMO184.wav,joy
EMO185.wav,satisfied
EMO186.wav,satisfied
EMO187.wav,satisfied
EMO188.wav,satisfied
EMO190.wav,satisfied
EMO191.wav,joy
EMO192.wav,satisfied
EMO193.wav,joy
EMO194.wav,joy
EMO195.wav,satisfied
EMO196.wav,joy
EMO197.wav,satisfied
EMO198.wav,satisfied
EMO199.wav,satisfied
EMO201.wav,satisfied
EMO202.wav,satisfied
EMO203.wav,satisfied
EMO204.wav,satisfied
EMO205.wav,satisfied
EMO206.wav,satisfied
EMO207.wav,joy
EMO208.wav,satisfied
EMO209.wav,joy
EMO211.wav,joy
EMO212.wav,satisfied
EMO213.wav,satisfied
EMO214.wav,satisfied
EMO215.wav,joy
EMO216.wav,joy
EMO217.wav,joy
EMO218.wav,satisfied
EMO219.wav,satisfied
EMO220.wav,satisfied
EMO223.wav,satisfied
EMO224.wav,satisfied
EMO225.wav,joy
EMO226.wav,satisfied
EMO227.wav,satisfied
EMO228.wav,disgusted
EMO229.wav,joy
EMO230.wav,satisfied
EMO231.wav,joy
EMO232.wav,satisfied
EMO234.wav,joy
EMO235.wav,joy
EMO236.wav,satisfied
EMO237.wav,satisfied
EMO238.wav,satisfied
EMO239.wav,satisfied
EMO240.wav,satisfied
EMO241.wav,joy
EMO242.wav,joy
EMO243.wav,satisfied
EMO245.wav,satisfied
EMO246.wav,joy
EMO247.wav,satisfied
EMO248.wav,satisfied
EMO249.wav,satisfied
EMO250.wav,joy
EMO251.wav,joy
EMO252.wav,satisfied
EMO253.wav,satisfied
EMO254.wav,satisfied
EMO256.wav,satisfied
EMO257.wav,satisfied
EMO258.wav,satisfied
EMO259.wav,satisfied
EMO260.wav,satisfied
EMO261.wav,satisfied
EMO262.wav,satisfied
EMO263.wav,satisfied
EMO264.wav,satisfied
EMO265.wav,satisfied
EMO266.wav,joy
EMO267.wav,satisfied
EMO268.wav,satisfied
EMO269.wav,satisfied
EMO270.wav,disgusted
EMO271.wav,sad
EMO272.wav,disgusted
EMO273.wav,disgusted
EMO274.wav,angry
EMO275.wav,disgusted
EMO276.wav,disgusted
EMO277.wav,disgusted
EMO278.wav,disgusted
EMO279.wav,angry
EMO280.wav,sad
EMO281.wav,disgusted
EMO282.wav,disgusted
EMO283.wav,disgusted
EMO284.wav,disgusted
EMO285.wav,disgusted
EMO287.wav,angry
EMO288.wav,angry
EMO289.wav,angry
EMO290.wav,angry
EMO291.wav,sad
EMO292.wav,angry
EMO293.wav,disgusted
EMO294.wav,angry
EMO295.wav,angry
EMO296.wav,angry
EMO298.wav,disgusted
EMO299.wav,angry
EMO300.wav,angry
EMO301.wav,disgusted
EMO302.wav,angry
EMO303.wav,disgusted
EMO304.wav,angry
EMO305.wav,angry
EMO306.wav,angry
EMO307.wav,angry
EMO309.wav,joy
EMO310.wav,joy
EMO311.wav,joy
EMO312.wav,disgusted
EMO313.wav,joy
EMO314.wav,satisfied
EMO315.wav,joy
EMO316.wav,satisfied
EMO317.wav,joy
EMO318.wav,joy
EMO320.wav,joy
EMO321.wav,joy
EMO322.wav,satisfied
EMO323.wav,disgusted
EMO324.wav,satisfied
EMO325.wav,satisfied
EMO326.wav,satisfied
EMO327.wav,satisfied
EMO328.wav,satisfied
EMO329.wav,satisfied
EMO332.wav,joy
EMO333.wav,satisfied
EMO334.wav,satisfied
EMO335.wav,joy
EMO336.wav,joy
EMO337.wav,satisfied
EMO338.wav,joy
EMO339.wav,joy
EMO340.wav,satisfied
EMO341.wav,joy
EMO343.wav,joy
EMO344.wav,satisfied
EMO345.wav,joy
EMO346.wav,joy
EMO347.wav,joy
EMO348.wav,satisfied
EMO349.wav,joy
EMO350.wav,joy
EMO351.wav,joy
EMO352.wav,joy
EMO354.wav,joy
EMO355.wav,satisfied
EMO356.wav,joy
EMO357.wav,joy
EMO358.wav,satisfied
EMO359.wav,joy
EMO360.wav,satisfied
EMO361.wav,joy
EMO362.wav,joy
EMO363.wav,joy
EMO365.wav,joy
EMO366.wav,satisfied
EMO367.wav,joy
EMO368.wav,satisfied
EMO369.wav,joy
EMO370.wav,satisfied
EMO371.wav,joy
EMO372.wav,satisfied
EMO373.wav,joy
EMO374.wav,satisfied
EMO376.wav,satisfied
EMO377.wav,satisfied
EMO378.wav,satisfied
EMO379.wav,satisfied
EMO380.wav,joy
EMO381.wav,joy
EMO382.wav,joy
EMO383.wav,joy
EMO384.wav,joy
EMO385.wav,satisfied
EMO386.wav,joy
EMO387.wav,satisfied
EMO388.wav,joy
EMO389.wav,joy
EMO390.wav,joy
EMO391.wav,satisfied
EMO392.wav,joy
EMO393.wav,joy
EMO394.wav,joy
EMO395.wav,joy
EMO396.wav,satisfied
EMO397.wav,joy
EMO398.wav,satisfied
EMO399.wav,joy
EMO400.wav,joy
EMO401.wav,joy
EMO402.wav,satisfied
EMO403.wav,joy
EMO404.wav,joy
EMO405.wav,joy
EMO406.wav,joy
EMO407.wav,satisfied
EMO408.wav,satisfied
EMO409.wav,joy
EMO410.wav,joy
EMO411.wav,satisfied
EMO412.wav,joy
EMO413.wav,joy
EMO414.wav,joy
EMO415.wav,joy
EMO416.wav,satisfied
EMO417.wav,joy
EMO418.wav,joy
EMO419.wav,satisfied
EMO420.wav,satisfied
EMO421.wav,joy
EMO422.wav,joy
EMO423.wav,joy
EMO424.wav,satisfied
EMO425.wav,angry
EMO426.wav,angry
EMO427.wav,angry
EMO428.wav,angry
EMO429.wav,angry
EMO430.wav,angry
EMO431.wav,angry
EMO432.wav,disgusted
EMO433.wav,disgusted
EMO434.wav,angry
EMO435.wav,angry
EMO438.wav,angry
EMO439.wav,sad
EMO440.wav,angry
EMO441.wav,angry
EMO442.wav,angry
EMO443.wav,angry
EMO444.wav,angry
EMO445.wav,angry
EMO446.wav,angry
EMO447.wav,angry
EMO449.wav,angry
EMO450.wav,angry
EMO451.wav,angry
EMO452.wav,angry
EMO453.wav,angry
EMO454.wav,angry
EMO455.wav,angry
EMO456.wav,angry
EMO457.wav,disgusted
EMO458.wav,angry
EMO460.wav,angry
EMO461.wav,angry
EMO462.wav,angry
EMO463.wav,angry
EMO464.wav,angry
EMO465.wav,angry
EMO466.wav,angry
EMO467.wav,angry
EMO468.wav,angry
EMO469.wav,angry
EMO470.wav,angry
EMO471.wav,angry
EMO472.wav,angry
EMO473.wav,angry
EMO474.wav,angry
EMO475.wav,angry
EMO476.wav,angry
EMO477.wav,angry
EMO478.wav,angry
EMO479.wav,angry
EMO480.wav,angry
EMO481.wav,angry
EMO482.wav,angry
EMO483.wav,angry
EMO484.wav,angry
EMO485.wav,angry
EMO486.wav,angry
EMO487.wav,angry
EMO488.wav,angry
EMO489.wav,angry
EMO491.wav,angry
EMO492.wav,angry
EMO493.wav,angry
EMO494.wav,angry
EMO495.wav,angry
EMO496.wav,angry
EMO497.wav,angry
EMO498.wav,angry
EMO499.wav,angry
EMO500.wav,angry
EMO502.wav,angry
EMO503.wav,angry
EMO504.wav,angry
EMO505.wav,angry
EMO506.wav,angry
EMO507.wav,angry
EMO508.wav,angry
EMO509.wav,angry
EMO510.wav,angry
EMO511.wav,angry
EMO512.wav,angry
EMO513.wav,angry
EMO514.wav,angry
EMO515.wav,angry
EMO516.wav,angry
EMO517.wav,angry
EMO518.wav,angry
EMO519.wav,angry
EMO520.wav,angry
EMO521.wav,angry
EMO523.wav,angry
EMO524.wav,angry
EMO525.wav,angry
EMO526.wav,angry
EMO527.wav,angry
EMO528.wav,angry
EMO529.wav,angry
EMO530.wav,angry
EMO531.wav,angry
EMO532.wav,angry
EMO533.wav,angry
EMO534.wav,angry
EMO535.wav,angry
EMO536.wav,angry
EMO537.wav,angry
EMO538.wav,angry
EMO539.wav,angry
EMO540.wav,angry
EMO541.wav,angry
EMO542.wav,angry
EMO545.wav,angry
EMO546.wav,angry
EMO547.wav,angry
EMO548.wav,angry
EMO549.wav,angry
EMO550.wav,angry
EMO551.wav,angry
EMO552.wav,angry
EMO553.wav,angry
EMO554.wav,angry
EMO556.wav,angry
EMO557.wav,angry
EMO558.wav,angry
EMO559.wav,angry
EMO560.wav,angry
EMO561.wav,angry
EMO562.wav,angry
EMO563.wav,angry
EMO564.wav,angry
EMO565.wav,angry
EMO567.wav,angry
EMO568.wav,angry
EMO569.wav,angry
EMO570.wav,angry
EMO571.wav,disgusted
EMO572.wav,angry
EMO573.wav,angry
EMO574.wav,angry
EMO575.wav,angry
EMO576.wav,angry
EMO578.wav,angry
EMO579.wav,angry
EMO580.wav,angry
EMO581.wav,angry
EMO582.wav,angry
EMO583.wav,angry
EMO584.wav,disgusted
EMO585.wav,angry
EMO586.wav,sad
EMO587.wav,angry
EMO589.wav,angry
EMO590.wav,angry
EMO591.wav,angry
EMO592.wav,angry
EMO593.wav,angry
EMO594.wav,angry
EMO595.wav,angry
EMO596.wav,angry
EMO597.wav,angry
EMO598.wav,angry
EMO600.wav,disgusted
EMO601.wav,angry
EMO602.wav,angry
EMO603.wav,angry
EMO604.wav,angry
EMO605.wav,angry
EMO606.wav,angry
EMO607.wav,angry
EMO608.wav,angry
EMO609.wav,angry
EMO611.wav,angry
EMO612.wav,angry
EMO613.wav,angry
EMO614.wav,disgusted
EMO615.wav,angry
EMO616.wav,angry
EMO617.wav,angry
EMO618.wav,angry
EMO619.wav,angry
EMO620.wav,angry
EMO622.wav,angry
EMO623.wav,angry
EMO624.wav,angry
EMO625.wav,angry
EMO626.wav,sad
EMO627.wav,angry
EMO628.wav,angry
EMO629.wav,disgusted
EMO630.wav,angry
EMO631.wav,angry
EMO633.wav,angry
EMO634.wav,angry
EMO635.wav,angry
EMO636.wav,angry
EMO637.wav,angry
EMO638.wav,angry
EMO639.wav,angry
EMO640.wav,angry
EMO641.wav,angry
EMO642.wav,angry
EMO644.wav,angry
EMO645.wav,angry
EMO646.wav,angry
EMO647.wav,angry
EMO648.wav,angry
EMO649.wav,angry
EMO650.wav,disgusted
EMO651.wav,angry
EMO652.wav,angry
EMO653.wav,angry
EMO656.wav,angry
EMO657.wav,angry
EMO658.wav,angry
EMO660.wav,angry
EMO661.wav,angry
EMO662.wav,angry
EMO663.wav,sad
EMO664.wav,disgusted
EMO665.wav,disgusted
EMO667.wav,angry
EMO668.wav,angry
EMO669.wav,angry
EMO670.wav,angry
EMO671.wav,angry
EMO672.wav,angry
EMO673.wav,angry
EMO674.wav,disgusted
EMO675.wav,angry
EMO676.wav,angry
EMO678.wav,angry
EMO679.wav,angry
EMO680.wav,angry
EMO681.wav,angry
EMO682.wav,angry
EMO683.wav,angry
EMO684.wav,angry
EMO685.wav,angry
EMO686.wav,angry
EMO687.wav,angry
EMO689.wav,angry
EMO690.wav,sad
EMO691.wav,angry
EMO692.wav,disgusted
EMO693.wav,angry
EMO694.wav,angry
EMO695.wav,angry
EMO696.wav,disgusted
EMO697.wav,angry
EMO698.wav,angry
EMO700.wav,angry
EMO701.wav,angry
EMO702.wav,angry
EMO703.wav,sad
EMO704.wav,sad
EMO705.wav,angry
EMO706.wav,angry
EMO707.wav,angry
EMO708.wav,angry
EMO709.wav,angry
EMO711.wav,disgusted
EMO712.wav,disgusted
EMO713.wav,sad
EMO714.wav,sad
EMO715.wav,sad
EMO716.wav,sad
EMO717.wav,disgusted
EMO718.wav,sad
EMO719.wav,sad
EMO720.wav,sad
EMO722.wav,sad
EMO723.wav,sad
EMO724.wav,sad
EMO725.wav,sad
EMO726.wav,sad
EMO727.wav,sad
EMO728.wav,disgusted
EMO729.wav,sad
EMO730.wav,angry
EMO731.wav,sad
EMO733.wav,sad
EMO734.wav,sad
EMO735.wav,disgusted
EMO736.wav,disgusted
EMO737.wav,disgusted
EMO738.wav,sad
EMO739.wav,disgusted
EMO740.wav,sad
EMO741.wav,sad
EMO742.wav,sad
EMO744.wav,sad
EMO745.wav,sad
EMO746.wav,disgusted
EMO747.wav,sad
EMO748.wav,sad
EMO749.wav,sad
EMO750.wav,sad
EMO751.wav,sad
EMO752.wav,sad
EMO753.wav,sad
EMO755.wav,sad
EMO756.wav,sad
EMO757.wav,sad
EMO758.wav,sad
EMO759.wav,sad
EMO760.wav,sad
EMO761.wav,disgusted
EMO762.wav,disgusted
EMO763.wav,disgusted
EMO764.wav,sad
EMO767.wav,disgusted
EMO768.wav,sad
EMO769.wav,sad
EMO770.wav,disgusted
EMO771.wav,sad
EMO772.wav,sad
EMO773.wav,sad
EMO774.wav,disgusted
EMO775.wav,disgusted
EMO776.wav,sad
EMO778.wav,sad
EMO779.wav,angry
EMO780.wav,angry
EMO781.wav,disgusted
EMO782.wav,disgusted
EMO783.wav,angry
EMO792.wav,sad
EMO793.wav,disgusted
EMO794.wav,disgusted
EMO795.wav,sad
EMO796.wav,angry
EMO797.wav,disgusted
EMO798.wav,angry
EMO799.wav,angry
EMO800.wav,angry
EMO801.wav,sad
EMO803.wav,disgusted
EMO804.wav,sad
EMO805.wav,sad
EMO806.wav,angry
EMO807.wav,angry
EMO808.wav,angry
EMO809.wav,sad
EMO810.wav,sad
EMO811.wav,sad
EMO812.wav,sad
EMO814.wav,disgusted
EMO815.wav,sad
EMO816.wav,disgusted
EMO817.wav,sad
EMO818.wav,sad
EMO819.wav,disgusted
EMO820.wav,angry
EMO821.wav,angry
EMO822.wav,disgusted
EMO823.wav,disgusted
EMO825.wav,disgusted
EMO826.wav,disgusted
EMO827.wav,angry
EMO828.wav,angry
EMO829.wav,disgusted
EMO830.wav,sad
EMO831.wav,disgusted
EMO832.wav,sad
EMO833.wav,disgusted
EMO835.wav,disgusted
EMO836.wav,sad
EMO837.wav,disgusted
EMO838.wav,disgusted
EMO839.wav,angry
EMO840.wav,sad
EMO841.wav,sad
EMO842.wav,sad
EMO843.wav,angry
EMO844.wav,sad
EMO846.wav,sad
EMO847.wav,angry
EMO848.wav,sad
EMO849.wav,angry
EMO850.wav,angry
EMO851.wav,angry
EMO852.wav,sad
EMO853.wav,angry
EMO854.wav,sad
EMO855.wav,angry
EMO856.wav,angry
EMO857.wav,angry
EMO858.wav,sad
EMO859.wav,angry
EMO860.wav,angry
EMO861.wav,angry
EMO862.wav,sad
EMO863.wav,sad
EMO864.wav,sad
EMO865.wav,sad
EMO867.wav,sad
EMO868.wav,angry
EMO869.wav,disgusted
EMO870.wav,angry
EMO871.wav,sad
EMO872.wav,sad
EMO873.wav,sad
EMO874.wav,angry
EMO875.wav,angry
EMO876.wav,sad
EMO878.wav,sad
EMO879.wav,sad
EMO880.wav,sad
EMO881.wav,sad
EMO882.wav,angry
EMO883.wav,disgusted
EMO884.wav,sad
EMO885.wav,sad
EMO886.wav,disgusted
EMO887.wav,sad
EMO889.wav,disgusted
EMO890.wav,sad
EMO891.wav,sad
EMO892.wav,angry
EMO893.wav,sad
EMO894.wav,angry
EMO895.wav,sad
EMO896.wav,angry
EMO897.wav,sad
EMO898.wav,sad
EMO901.wav,sad
EMO902.wav,disgusted
EMO903.wav,disgusted
EMO904.wav,angry
EMO905.wav,angry
EMO906.wav,sad
EMO907.wav,angry
EMO908.wav,angry
EMO909.wav,angry
EMO910.wav,sad
EMO912.wav,angry
EMO913.wav,disgusted
EMO914.wav,sad
EMO915.wav,sad
EMO916.wav,angry
EMO917.wav,sad
EMO918.wav,sad
EMO919.wav,sad
EMO920.wav,sad
EMO921.wav,angry
EMO923.wav,sad
EMO924.wav,disgusted
EMO925.wav,disgusted
EMO926.wav,sad
EMO927.wav,disgusted
EMO928.wav,angry
EMO929.wav,sad
EMO930.wav,disgusted
EMO931.wav,sad
EMO932.wav,sad
EMO934.wav,sad
EMO935.wav,disgusted
EMO936.wav,sad
EMO937.wav,sad
EMO938.wav,sad
EMO939.wav,disgusted
EMO940.wav,sad
EMO941.wav,sad
EMO942.wav,angry
EMO943.wav,sad
EMO945.wav,sad
EMO946.wav,sad
EMO947.wav,disgusted
EMO948.wav,disgusted
EMO949.wav,sad
EMO950.wav,disgusted
EMO951.wav,disgusted
EMO952.wav,sad
EMO953.wav,disgusted
EMO954.wav,sad
EMO956.wav,sad
EMO957.wav,sad
EMO958.wav,sad
EMO959.wav,disgusted
EMO960.wav,sad
EMO961.wav,disgusted
EMO962.wav,angry
EMO963.wav,angry
EMO964.wav,angry
EMO965.wav,sad
EMO967.wav,sad
EMO968.wav,angry
EMO969.wav,sad
EMO970.wav,disgusted
EMO971.wav,sad
EMO972.wav,sad
EMO973.wav,sad
EMO974.wav,disgusted
EMO975.wav,sad
EMO976.wav,disgusted
EMO978.wav,disgusted
EMO979.wav,sad
EMO980.wav,sad
EMO981.wav,disgusted
EMO982.wav,disgusted
EMO983.wav,sad
EMO984.wav,angry
EMO985.wav,disgusted
EMO986.wav,sad
EMO987.wav,sad
EMO989.wav,sad
EMO990.wav,sad
EMO991.wav,sad
EMO992.wav,sad
EMO993.wav,sad
EMO994.wav,sad
EMO995.wav,sad
EMO996.wav,disgusted
EMO997.wav,disgusted
EMO998.wav,sad
EMO1000.wav,angry
EMO1001.wav,sad
EMO1002.wav,disgusted
EMO1003.wav,sad
EMO1004.wav,sad
EMO1005.wav,sad
EMO1006.wav,sad
EMO1007.wav,disgusted
EMO1008.wav,sad
EMO1009.wav,sad
EMO9.wav,sad
EMO10.wav,sad
EMO11.wav,angry
EMO12.wav,sad
EMO13.wav,sad
EMO14.wav,sad
EMO15.wav,sad
EMO16.wav,sad
EMO17.wav,angry
EMO18.wav,sad
EMO20.wav,sad
EMO21.wav,sad
EMO22.wav,sad
EMO23.wav,sad
EMO24.wav,sad
EMO25.wav,angry
EMO26.wav,sad
EMO27.wav,sad
EMO28.wav,sad
EMO29.wav,disgusted
EMO31.wav,sad
EMO32.wav,sad
EMO33.wav,sad
EMO34.wav,angry
EMO35.wav,angry
EMO36.wav,angry
EMO37.wav,angry
EMO38.wav,sad
EMO39.wav,disgusted
EMO40.wav,disgusted
EMO42.wav,sad
EMO43.wav,angry
EMO44.wav,sad
EMO45.wav,sad
EMO46.wav,sad
EMO47.wav,sad
EMO48.wav,sad
EMO49.wav,sad
EMO50.wav,sad
EMO51.wav,sad
EMO53.wav,disgusted
EMO54.wav,sad
EMO55.wav,sad
EMO56.wav,sad
EMO57.wav,angry
EMO58.wav,disgusted
EMO59.wav,angry
EMO60.wav,disgusted
EMO61.wav,satisfied
EMO62.wav,satisfied
EMO64.wav,disgusted
EMO65.wav,satisfied
EMO66.wav,satisfied
EMO67.wav,disgusted
EMO68.wav,satisfied
EMO69.wav,angry
EMO70.wav,sad
EMO71.wav,sad
EMO72.wav,sad
EMO73.wav,satisfied
EMO75.wav,sad
EMO76.wav,satisfied
EMO77.wav,satisfied
EMO78.wav,disgusted
EMO79.wav,satisfied
EMO80.wav,sad
EMO81.wav,satisfied
EMO82.wav,joy
EMO83.wav,joy
EMO84.wav,joy
EMO86.wav,joy
EMO87.wav,satisfied
EMO88.wav,joy
EMO89.wav,satisfied
EMO90.wav,joy
EMO91.wav,angry
EMO92.wav,angry
EMO93.wav,angry
EMO94.wav,angry
EMO95.wav,angry
EMO97.wav,angry
EMO98.wav,angry
EMO99.wav,angry
EMO100.wav,angry
EMO101.wav,angry
EMO102.wav,angry
EMO103.wav,disgusted
EMO104.wav,disgusted
EMO105.wav,disgusted
EMO106.wav,angry
EMO108.wav,sad
EMO109.wav,sad
EMO110.wav,sad
EMO111.wav,sad
EMO112.wav,sad
EMO113.wav,joy
EMO114.wav,satisfied
EMO115.wav,satisfied
EMO116.wav,satisfied
EMO117.wav,joy
EMO120.wav,joy
EMO121.wav,angry
EMO122.wav,angry
EMO123.wav,disgusted
EMO125.wav,satisfied
EMO126.wav,joy
EMO127.wav,satisfied
EMO128.wav,satisfied
EMO129.wav,sad
EMO131.wav,joy
EMO1010.wav,disgusted
EMO1011.wav,angry
EMO1122.wav,angry
EMO1158.wav,angry
EMO1169.wav,angry
EMO1180.wav,angry
EMO1191.wav,angry
EMO1202.wav,angry
EMO1213.wav,angry
EMO1224.wav,angry
EMO1012.wav,angry
EMO1023.wav,angry
EMO1034.wav,angry
EMO1045.wav,angry
EMO1056.wav,angry
EMO1067.wav,angry
EMO1078.wav,angry
EMO1089.wav,angry
EMO1100.wav,angry
EMO1111.wav,angry
EMO1123.wav,disgusted
EMO1134.wav,angry
EMO1145.wav,disgusted
EMO1152.wav,disgusted
EMO1153.wav,angry
EMO1154.wav,angry
EMO1155.wav,angry
EMO1156.wav,angry
EMO1157.wav,angry
EMO1159.wav,angry
EMO1160.wav,angry
EMO1161.wav,angry
EMO1162.wav,angry
EMO1163.wav,angry
EMO1164.wav,angry
EMO1165.wav,angry
EMO1166.wav,angry
EMO1167.wav,angry
EMO1168.wav,angry
EMO1170.wav,angry
EMO1171.wav,angry
EMO1172.wav,angry
EMO1173.wav,angry
EMO1174.wav,angry
EMO1175.wav,sad
EMO1176.wav,angry
EMO1177.wav,disgusted
EMO1178.wav,disgusted
EMO1179.wav,angry
EMO1181.wav,disgusted
EMO1182.wav,angry
EMO1183.wav,disgusted
EMO1184.wav,angry
EMO1185.wav,angry
EMO1186.wav,angry
EMO1187.wav,disgusted
EMO1188.wav,disgusted
EMO1189.wav,angry
EMO1190.wav,angry
EMO1192.wav,angry
EMO1193.wav,disgusted
EMO1194.wav,disgusted
EMO1195.wav,angry
EMO1196.wav,satisfied
EMO1197.wav,satisfied
EMO1198.wav,satisfied
EMO1199.wav,satisfied
EMO1200.wav,satisfied
EMO1201.wav,satisfied
EMO1203.wav,satisfied
EMO1204.wav,neutral
EMO1205.wav,disgusted
EMO1206.wav,sad
EMO1207.wav,angry
EMO1208.wav,disgusted
EMO1209.wav,disgusted
EMO1210.wav,disgusted
EMO1211.wav,disgusted
EMO1212.wav,angry
EMO1214.wav,angry
EMO1215.wav,satisfied
EMO1216.wav,satisfied
EMO1217.wav,satisfied
EMO1218.wav,satisfied
EMO1219.wav,angry
EMO1220.wav,angry
EMO1221.wav,angry
EMO1222.wav,angry
EMO1223.wav,angry
EMO1225.wav,disgusted
EMO1226.wav,angry
EMO1227.wav,disgusted
EMO1228.wav,disgusted
EMO1229.wav,angry
EMO1230.wav,satisfied
EMO1231.wav,angry
EMO1232.wav,disgusted
EMO1233.wav,angry
EMO1234.wav,angry
EMO1013.wav,angry
EMO1014.wav,angry
EMO1015.wav,angry
EMO1016.wav,angry
EMO1017.wav,angry
EMO1018.wav,angry
EMO1019.wav,angry
EMO1020.wav,angry
EMO1021.wav,angry
EMO1022.wav,angry
EMO1024.wav,angry
EMO1025.wav,angry
EMO1026.wav,angry
EMO1027.wav,angry
EMO1028.wav,angry
EMO1029.wav,angry
EMO1030.wav,angry
EMO1031.wav,angry
EMO1032.wav,angry
EMO1033.wav,angry
EMO1035.wav,angry
EMO1036.wav,angry
EMO1037.wav,angry
EMO1038.wav,sad
EMO1039.wav,angry
EMO1040.wav,angry
EMO1041.wav,angry
EMO1042.wav,angry
EMO1043.wav,angry
EMO1044.wav,angry
EMO1046.wav,angry
EMO1047.wav,sad
EMO1048.wav,sad
EMO1049.wav,angry
EMO1050.wav,joy
EMO1051.wav,satisfied
EMO1053.wav,angry
EMO1052.wav,angry
EMO1054.wav,angry
EMO1055.wav,angry
EMO1057.wav,angry
EMO1058.wav,angry
EMO1059.wav,angry
EMO1060.wav,angry
EMO1061.wav,angry
EMO1062.wav,angry
EMO1063.wav,sad
EMO1064.wav,angry
EMO1065.wav,angry
EMO1066.wav,sad
EMO1068.wav,sad
EMO1069.wav,angry
EMO1070.wav,angry
EMO1071.wav,angry
EMO1072.wav,angry
EMO1073.wav,angry
EMO1074.wav,angry
EMO1075.wav,angry
EMO1076.wav,angry
EMO1077.wav,angry
EMO1079.wav,angry
EMO1080.wav,angry
EMO1081.wav,angry
EMO1082.wav,angry
EMO1083.wav,angry
EMO1084.wav,angry
EMO1085.wav,angry
EMO1086.wav,angry
EMO1087.wav,angry
EMO1088.wav,angry
EMO1090.wav,angry
EMO1091.wav,angry
EMO1092.wav,angry
EMO1093.wav,angry
EMO1094.wav,angry
EMO1095.wav,angry
EMO1096.wav,angry
EMO1097.wav,angry
EMO1098.wav,angry
EMO1099.wav,angry
EMO1101.wav,angry
EMO1102.wav,angry
EMO1103.wav,angry
EMO1104.wav,angry
EMO1105.wav,angry
EMO1106.wav,angry
EMO1107.wav,angry
EMO1108.wav,angry
EMO1109.wav,angry
EMO1110.wav,angry
EMO1112.wav,angry
EMO1113.wav,angry
EMO1114.wav,angry
EMO1115.wav,angry
EMO1116.wav,angry
EMO1117.wav,angry
EMO1118.wav,angry
EMO1119.wav,angry
EMO1120.wav,angry
EMO1121.wav,angry
EMO1124.wav,angry
EMO1125.wav,angry
EMO1126.wav,angry
EMO1127.wav,angry
EMO1128.wav,angry
EMO1129.wav,angry
EMO1130.wav,angry
EMO1131.wav,angry
EMO1132.wav,angry
EMO1133.wav,angry
EMO1135.wav,angry
EMO1136.wav,angry
EMO1137.wav,angry
EMO1138.wav,angry
EMO1139.wav,angry
EMO1140.wav,angry
EMO1141.wav,angry
EMO1142.wav,angry
EMO1143.wav,angry
EMO1144.wav,angry
EMO1146.wav,angry
EMO1147.wav,angry
EMO1148.wav,angry
EMO1149.wav,angry
EMO1150.wav,angry
EMO1151.wav,angry
EMO1238.wav,sad
EMO1348.wav,angry
EMO1369.wav,angry
EMO1380.wav,angry
EMO1390.wav,disgusted
EMO1401.wav,disgusted
EMO1412.wav,disgusted
EMO1423.wav,angry
EMO1434.wav,disgusted
EMO1239.wav,disgusted
EMO1250.wav,angry
EMO1260.wav,disgusted
EMO1271.wav,disgusted
EMO1282.wav,angry
EMO1293.wav,angry
EMO1304.wav,angry
EMO1315.wav,angry
EMO1326.wav,neutral
EMO1337.wav,disgusted
EMO1349.wav,sad
EMO1360.wav,angry
EMO1361.wav,angry
EMO1362.wav,disgusted
EMO1363.wav,disgusted
EMO1364.wav,angry
EMO1365.wav,sad
EMO1366.wav,satisfied
EMO1367.wav,joy
EMO1368.wav,satisfied
EMO1370.wav,satisfied
EMO1371.wav,satisfied
EMO1372.wav,satisfied
EMO1373.wav,satisfied
EMO1374.wav,satisfied
EMO1375.wav,satisfied
EMO1376.wav,satisfied
EMO1377.wav,satisfied
EMO1378.wav,satisfied
EMO1379.wav,satisfied
EMO1381.wav,satisfied
EMO1382.wav,satisfied
EMO1383.wav,satisfied
EMO1384.wav,joy
EMO1385.wav,satisfied
EMO1386.wav,satisfied
EMO1387.wav,satisfied
EMO1388.wav,satisfied
EMO1389.wav,joy
EMO1391.wav,satisfied
EMO1392.wav,satisfied
EMO1393.wav,satisfied
EMO1394.wav,disgusted
EMO1395.wav,disgusted
EMO1396.wav,angry
EMO1397.wav,sad
EMO1398.wav,sad
EMO1399.wav,sad
EMO1400.wav,sad
EMO1402.wav,angry
EMO1403.wav,sad
EMO1404.wav,sad
EMO1405.wav,angry
EMO1406.wav,angry
EMO1407.wav,angry
EMO1408.wav,angry
EMO1409.wav,angry
EMO1410.wav,angry
EMO1411.wav,angry
EMO1413.wav,angry
EMO1414.wav,angry
EMO1415.wav,angry
EMO1416.wav,neutral
EMO1417.wav,sad
EMO1418.wav,angry
EMO1419.wav,angry
EMO1420.wav,angry
EMO1421.wav,angry
EMO1422.wav,angry
EMO1424.wav,angry
EMO1425.wav,angry
EMO1426.wav,angry
EMO1427.wav,angry
EMO1428.wav,angry
EMO1429.wav,angry
EMO1430.wav,angry
EMO1431.wav,angry
EMO1432.wav,angry
EMO1433.wav,angry
EMO1435.wav,angry
EMO1436.wav,angry
EMO1437.wav,angry
EMO1438.wav,angry
EMO1439.wav,angry
EMO1440.wav,angry
EMO1441.wav,disgusted
EMO1442.wav,angry
EMO1443.wav,angry
EMO1240.wav,angry
EMO1241.wav,angry
EMO1242.wav,angry
EMO1243.wav,angry
EMO1244.wav,angry
EMO1245.wav,angry
EMO1246.wav,angry
EMO1247.wav,disgusted
EMO1248.wav,disgusted
EMO1249.wav,disgusted
EMO1251.wav,angry
EMO1252.wav,angry
EMO1253.wav,angry
EMO1254.wav,angry
EMO1255.wav,angry
EMO1256.wav,angry
EMO1257.wav,angry
EMO1258.wav,angry
EMO1259.wav,angry
EMO1261.wav,angry
EMO1262.wav,joy
EMO1263.wav,joy
EMO1264.wav,joy
EMO1265.wav,joy
EMO1266.wav,joy
EMO1267.wav,satisfied
EMO1268.wav,disgusted
EMO1269.wav,disgusted
EMO1270.wav,satisfied
EMO1272.wav,disgusted
EMO1273.wav,disgusted
EMO1274.wav,angry
EMO1275.wav,angry
EMO1276.wav,angry
EMO1277.wav,disgusted
EMO1278.wav,disgusted
EMO1279.wav,disgusted
EMO1280.wav,disgusted
EMO1281.wav,disgusted
EMO1283.wav,disgusted
EMO1284.wav,disgusted
EMO1285.wav,disgusted
EMO1286.wav,disgusted
EMO1287.wav,angry
EMO1288.wav,disgusted
EMO1289.wav,disgusted
EMO1290.wav,disgusted
EMO1291.wav,disgusted
EMO1292.wav,disgusted
EMO1294.wav,disgusted
EMO1295.wav,sad
EMO1296.wav,disgusted
EMO1297.wav,angry
EMO1298.wav,angry
EMO1299.wav,sad
EMO1300.wav,sad
EMO1301.wav,sad
EMO1302.wav,disgusted
EMO1303.wav,disgusted
EMO1305.wav,disgusted
EMO1306.wav,disgusted
EMO1307.wav,disgusted
EMO1308.wav,angry
EMO1309.wav,angry
EMO1310.wav,angry
EMO1311.wav,angry
EMO1312.wav,angry
EMO1313.wav,angry
EMO1314.wav,disgusted
EMO1316.wav,angry
EMO1317.wav,disgusted
EMO1318.wav,angry
EMO1319.wav,angry
EMO1320.wav,angry
EMO1321.wav,angry
EMO1322.wav,angry
EMO1323.wav,angry
EMO1324.wav,angry
EMO1325.wav,angry
EMO1327.wav,disgusted
EMO1328.wav,angry
EMO1329.wav,angry
EMO1330.wav,angry
EMO1331.wav,sad
EMO1332.wav,angry
EMO1333.wav,angry
EMO1334.wav,angry
EMO1335.wav,disgusted
EMO1336.wav,disgusted
EMO1338.wav,angry
EMO1339.wav,angry
EMO1340.wav,angry
EMO1341.wav,angry
EMO1342.wav,angry
EMO1343.wav,disgusted
EMO1344.wav,angry
EMO1345.wav,angry
EMO1346.wav,angry
EMO1347.wav,angry
EMO1350.wav,angry
EMO1351.wav,disgusted
EMO1352.wav,disgusted
EMO1353.wav,disgusted
EMO1354.wav,angry
EMO1355.wav,angry
EMO1356.wav,angry
EMO1357.wav,angry
EMO1358.wav,angry
EMO1359.wav,disgusted
EMO1444.wav,sad
EMO1555.wav,disgusted
EMO1664.wav,sad
EMO1774.wav,sad
EMO1884.wav,satisfied
EMO1994.wav,angry
EMO2105.wav,joy
EMO2216.wav,joy
EMO2264.wav,sad
EMO1445.wav,sad
EMO1456.wav,sad
EMO1467.wav,sad
EMO1478.wav,angry
EMO1489.wav,sad
EMO1500.wav,satisfied
EMO1511.wav,satisfied
EMO1522.wav,sad
EMO1533.wav,sad
EMO1544.wav,sad
EMO1556.wav,sad
EMO1567.wav,sad
EMO1578.wav,angry
EMO1588.wav,satisfied
EMO1598.wav,sad
EMO1609.wav,satisfied
EMO1620.wav,angry
EMO1631.wav,angry
EMO1642.wav,angry
EMO1653.wav,satisfied
EMO1665.wav,joy
EMO1675.wav,sad
EMO1686.wav,satisfied
EMO1697.wav,sad
EMO1708.wav,satisfied
EMO1719.wav,sad
EMO1730.wav,joy
EMO1741.wav,sad
EMO1752.wav,sad
EMO1763.wav,sad
EMO1775.wav,sad
EMO1786.wav,sad
EMO1797.wav,disgusted
EMO1807.wav,satisfied
EMO1818.wav,sad
EMO1829.wav,sad
EMO1840.wav,sad
EMO1851.wav,sad
EMO1862.wav,angry
EMO1873.wav,joy
EMO1885.wav,sad
EMO1896.wav,neutral
EMO1907.wav,sad
EMO1918.wav,disgusted
EMO1929.wav,disgusted
EMO1940.wav,angry
EMO1951.wav,sad
EMO1962.wav,sad
EMO1973.wav,disgusted
EMO1983.wav,sad
EMO1995.wav,satisfied
EMO2006.wav,sad
EMO2017.wav,sad
EMO2028.wav,sad
EMO2039.wav,sad
EMO2050.wav,joy
EMO2061.wav,angry
EMO2072.wav,satisfied
EMO2083.wav,satisfied
EMO2094.wav,angry
EMO2106.wav,angry
EMO2117.wav,angry
EMO2128.wav,angry
EMO2139.wav,angry
EMO2150.wav,angry
EMO2161.wav,angry
EMO2172.wav,angry
EMO2183.wav,angry
EMO2194.wav,angry
EMO2205.wav,angry
EMO2217.wav,angry
EMO2228.wav,angry
EMO2239.wav,angry
EMO2250.wav,angry
EMO2258.wav,angry
EMO2259.wav,angry
EMO2260.wav,angry
EMO2261.wav,angry
EMO2262.wav,angry
EMO2263.wav,angry
EMO2265.wav,angry
EMO2266.wav,sad
EMO2267.wav,joy
EMO2268.wav,joy
EMO2269.wav,joy
EMO2270.wav,joy
EMO2271.wav,joy
EMO2272.wav,neutral
EMO2273.wav,sad
EMO2274.wav,sad
EMO1446.wav,disgusted
EMO1447.wav,disgusted
EMO1448.wav,sad
EMO1449.wav,sad
EMO1450.wav,sad
EMO1451.wav,sad
EMO1452.wav,sad
EMO1453.wav,sad
EMO1454.wav,sad
EMO1455.wav,sad
EMO1457.wav,sad
EMO1458.wav,sad
EMO1459.wav,sad
EMO1460.wav,sad
EMO1461.wav,sad
EMO1462.wav,sad
EMO1463.wav,sad
EMO1464.wav,sad
EMO1465.wav,sad
EMO1466.wav,sad
EMO1468.wav,sad
EMO1469.wav,sad
EMO1470.wav,sad
EMO1471.wav,sad
EMO1472.wav,sad
EMO1473.wav,sad
EMO1474.wav,sad
EMO1475.wav,angry
EMO1476.wav,sad
EMO1477.wav,sad
EMO1479.wav,sad
EMO1480.wav,sad
EMO1481.wav,sad
EMO1482.wav,sad
EMO1483.wav,sad
EMO1484.wav,sad
EMO1485.wav,sad
EMO1486.wav,sad
EMO1487.wav,sad
EMO1488.wav,sad
EMO1490.wav,sad
EMO1491.wav,sad
EMO1492.wav,sad
EMO1493.wav,sad
EMO1494.wav,sad
EMO1495.wav,sad
EMO1496.wav,sad
EMO1497.wav,sad
EMO1498.wav,sad
EMO1499.wav,sad
EMO1501.wav,sad
EMO1502.wav,sad
EMO1503.wav,sad
EMO1504.wav,sad
EMO1505.wav,sad
EMO1506.wav,sad
EMO1507.wav,sad
EMO1508.wav,sad
EMO1509.wav,sad
EMO1510.wav,sad
EMO1512.wav,sad
EMO1513.wav,sad
EMO1514.wav,sad
EMO1515.wav,sad
EMO1516.wav,sad
EMO1517.wav,sad
EMO1518.wav,sad
EMO1519.wav,sad
EMO1520.wav,sad
EMO1521.wav,sad
EMO1523.wav,sad
EMO1524.wav,sad
EMO1525.wav,sad
EMO1526.wav,sad
EMO1527.wav,angry
EMO1528.wav,sad
EMO1529.wav,sad
EMO1530.wav,sad
EMO1531.wav,sad
EMO1532.wav,sad
EMO1534.wav,sad
EMO1535.wav,sad
EMO1536.wav,sad
EMO1537.wav,sad
EMO1538.wav,sad
EMO1539.wav,sad
EMO1540.wav,sad
EMO1541.wav,sad
EMO1542.wav,sad
EMO1543.wav,sad
EMO1545.wav,disgusted
EMO1546.wav,sad
EMO1547.wav,sad
EMO1548.wav,sad
EMO1549.wav,sad
EMO1550.wav,sad
EMO1551.wav,sad
EMO1552.wav,sad
EMO1553.wav,sad
EMO1554.wav,sad
EMO1557.wav,sad
EMO1558.wav,sad
EMO1559.wav,sad
EMO1560.wav,sad
EMO1561.wav,joy
EMO1562.wav,joy
EMO1563.wav,joy
EMO1564.wav,joy
EMO1565.wav,joy
EMO1566.wav,joy
EMO1568.wav,joy
EMO1569.wav,joy
EMO1570.wav,sad
EMO1571.wav,sad
EMO1572.wav,sad
EMO1573.wav,sad
EMO1574.wav,sad
EMO1575.wav,sad
EMO1576.wav,sad
EMO1577.wav,sad
EMO1579.wav,sad
EMO1580.wav,sad
EMO1581.wav,sad
EMO1582.wav,sad
EMO1583.wav,sad
EMO1584.wav,sad
EMO1585.wav,sad
EMO1586.wav,sad
EMO1587.wav,sad
EMO1589.wav,sad
EMO1590.wav,sad
EMO1591.wav,sad
EMO1592.wav,sad
EMO1593.wav,joy
EMO1594.wav,joy
EMO1595.wav,joy
EMO1596.wav,joy
EMO1597.wav,sad
EMO1599.wav,sad
EMO1600.wav,sad
EMO1601.wav,sad
EMO1602.wav,sad
EMO1603.wav,sad
EMO1604.wav,sad
EMO1605.wav,sad
EMO1606.wav,sad
EMO1607.wav,sad
EMO1608.wav,sad
EMO1610.wav,disgusted
EMO1611.wav,sad
EMO1612.wav,sad
EMO1613.wav,sad
EMO1614.wav,sad
EMO1615.wav,sad
EMO1616.wav,sad
EMO1617.wav,sad
EMO1618.wav,sad
EMO1619.wav,sad
EMO1621.wav,satisfied
EMO1622.wav,sad
EMO1623.wav,joy
EMO1624.wav,joy
EMO1625.wav,sad
EMO1626.wav,sad
EMO1627.wav,joy
EMO1628.wav,satisfied
EMO1629.wav,sad
EMO1630.wav,sad
EMO1632.wav,sad
EMO1633.wav,sad
EMO1634.wav,sad
EMO1635.wav,sad
EMO1636.wav,sad
EMO1637.wav,sad
EMO1638.wav,sad
EMO1639.wav,sad
EMO1640.wav,sad
EMO1641.wav,sad
EMO1643.wav,sad
EMO1644.wav,sad
EMO1645.wav,sad
EMO1646.wav,sad
EMO1647.wav,sad
EMO1648.wav,sad
EMO1649.wav,sad
EMO1650.wav,sad
EMO1651.wav,sad
EMO1652.wav,sad
EMO1654.wav,sad
EMO1655.wav,sad
EMO1656.wav,sad
EMO1657.wav,sad
EMO1658.wav,sad
EMO1659.wav,sad
EMO1660.wav,disgusted
EMO1661.wav,sad
EMO1662.wav,sad
EMO1663.wav,sad
EMO1666.wav,sad
EMO1667.wav,sad
EMO1668.wav,sad
EMO1669.wav,sad
EMO1670.wav,sad
EMO1671.wav,sad
EMO1672.wav,sad
EMO1673.wav,sad
EMO1674.wav,sad
EMO1676.wav,sad
EMO1677.wav,sad
EMO1678.wav,sad
EMO1679.wav,sad
EMO1680.wav,sad
EMO1681.wav,sad
EMO1682.wav,sad
EMO1683.wav,sad
EMO1684.wav,sad
EMO1685.wav,sad
EMO1687.wav,sad
EMO1688.wav,sad
EMO1689.wav,sad
EMO1690.wav,sad
EMO1691.wav,sad
EMO1692.wav,sad
EMO1693.wav,sad
EMO1694.wav,sad
EMO1695.wav,sad
EMO1696.wav,sad
EMO1698.wav,sad
EMO1699.wav,sad
EMO1700.wav,sad
EMO1701.wav,disgusted
EMO1702.wav,sad
EMO1703.wav,sad
EMO1704.wav,sad
EMO1705.wav,sad
EMO1706.wav,sad
EMO1707.wav,sad
EMO1709.wav,sad
EMO1710.wav,sad
EMO1711.wav,sad
EMO1712.wav,sad
EMO1713.wav,sad
EMO1714.wav,sad
EMO1715.wav,sad
EMO1716.wav,sad
EMO1717.wav,sad
EMO1718.wav,sad
EMO1720.wav,sad
EMO1721.wav,sad
EMO1722.wav,sad
EMO1723.wav,sad
EMO1724.wav,sad
EMO1725.wav,sad
EMO1726.wav,sad
EMO1727.wav,sad
EMO1728.wav,angry
EMO1729.wav,angry
EMO1731.wav,sad
EMO1732.wav,sad
EMO1733.wav,sad
EMO1734.wav,sad
EMO1735.wav,sad
EMO1736.wav,sad
EMO1737.wav,sad
EMO1738.wav,sad
EMO1739.wav,sad
EMO1740.wav,sad
EMO1742.wav,sad
EMO1743.wav,sad
EMO1744.wav,sad
EMO1745.wav,angry
EMO1746.wav,angry
EMO1747.wav,angry
EMO1748.wav,angry
EMO1749.wav,sad
EMO1750.wav,sad
EMO1751.wav,sad
EMO1753.wav,sad
EMO1754.wav,sad
EMO1755.wav,sad
EMO1756.wav,sad
EMO1757.wav,sad
EMO1758.wav,sad
EMO1759.wav,sad
EMO1760.wav,sad
EMO1761.wav,sad
EMO1762.wav,sad
EMO1764.wav,sad
EMO1765.wav,sad
EMO1766.wav,sad
EMO1767.wav,sad
EMO1768.wav,sad
EMO1769.wav,sad
EMO1770.wav,sad
EMO1771.wav,sad
EMO1772.wav,sad
EMO1773.wav,sad
EMO1776.wav,sad
EMO1777.wav,sad
EMO1778.wav,sad
EMO1779.wav,sad
EMO1780.wav,sad
EMO1781.wav,angry
EMO1782.wav,angry
EMO1783.wav,angry
EMO1784.wav,angry
EMO1785.wav,sad
EMO1787.wav,sad
EMO1788.wav,sad
EMO1789.wav,sad
EMO1790.wav,sad
EMO1791.wav,sad
EMO1792.wav,sad
EMO1793.wav,sad
EMO1794.wav,sad
EMO1795.wav,sad
EMO1796.wav,sad
EMO1798.wav,sad
EMO1799.wav,sad
EMO1800.wav,sad
EMO1801.wav,sad
EMO1802.wav,sad
EMO1803.wav,sad
EMO1804.wav,sad
EMO1805.wav,sad
EMO1806.wav,sad
EMO1808.wav,sad
EMO1809.wav,sad
EMO1810.wav,sad
EMO1811.wav,sad
EMO1812.wav,sad
EMO1813.wav,angry
EMO1814.wav,disgusted
EMO1815.wav,joy
EMO1816.wav,satisfied
EMO1817.wav,satisfied
EMO1819.wav,satisfied
EMO1820.wav,satisfied
EMO1821.wav,joy
EMO1822.wav,joy
EMO1823.wav,satisfied
EMO1824.wav,disgusted
EMO1825.wav,satisfied
EMO1826.wav,satisfied
EMO1827.wav,joy
EMO1828.wav,satisfied
EMO1830.wav,satisfied
EMO1831.wav,satisfied
EMO1832.wav,satisfied
EMO1833.wav,satisfied
EMO1834.wav,joy
EMO1835.wav,satisfied
EMO1836.wav,satisfied
EMO1837.wav,satisfied
EMO1838.wav,joy
EMO1839.wav,joy
EMO1841.wav,satisfied
EMO1842.wav,satisfied
EMO1843.wav,joy
EMO1844.wav,satisfied
EMO1845.wav,satisfied
EMO1846.wav,satisfied
EMO1847.wav,satisfied
EMO1848.wav,satisfied
EMO1849.wav,joy
EMO1850.wav,joy
EMO1852.wav,joy
EMO1853.wav,joy
EMO1854.wav,joy
EMO1855.wav,joy
EMO1856.wav,satisfied
EMO1857.wav,joy
EMO1858.wav,joy
EMO1859.wav,satisfied
EMO1860.wav,satisfied
EMO1861.wav,joy
EMO1863.wav,satisfied
EMO1864.wav,angry
EMO1865.wav,angry
EMO1866.wav,angry
EMO1867.wav,angry
EMO1868.wav,angry
EMO1869.wav,angry
EMO1870.wav,angry
EMO1871.wav,angry
EMO1872.wav,angry
EMO1874.wav,angry
EMO1875.wav,angry
EMO1876.wav,angry
EMO1877.wav,angry
EMO1878.wav,angry
EMO1879.wav,angry
EMO1880.wav,angry
EMO1881.wav,angry
EMO1882.wav,angry
EMO1883.wav,angry
EMO1886.wav,angry
EMO1887.wav,angry
EMO1888.wav,angry
EMO1889.wav,angry
EMO1890.wav,angry
EMO1891.wav,angry
EMO1892.wav,angry
EMO1893.wav,angry
EMO1894.wav,angry
EMO1895.wav,angry
EMO1897.wav,angry
EMO1898.wav,angry
EMO1899.wav,angry
EMO1900.wav,angry
EMO1901.wav,angry
EMO1902.wav,angry
EMO1903.wav,angry
EMO1904.wav,angry
EMO1905.wav,angry
EMO1906.wav,angry
EMO1908.wav,angry
EMO1909.wav,angry
EMO1910.wav,angry
EMO1911.wav,angry
EMO1912.wav,angry
EMO1913.wav,angry
EMO1914.wav,angry
EMO1915.wav,angry
EMO1916.wav,angry
EMO1917.wav,angry
EMO1919.wav,angry
EMO1920.wav,angry
EMO1921.wav,angry
EMO1922.wav,angry
EMO1923.wav,angry
EMO1924.wav,angry
EMO1925.wav,angry
EMO1926.wav,angry
EMO1927.wav,angry
EMO1928.wav,angry
EMO1930.wav,angry
EMO1931.wav,angry
EMO1932.wav,angry
EMO1933.wav,angry
EMO1934.wav,angry
EMO1935.wav,angry
EMO1936.wav,angry
EMO1937.wav,angry
EMO1938.wav,angry
EMO1939.wav,angry
EMO1941.wav,angry
EMO1942.wav,angry
EMO1943.wav,angry
EMO1944.wav,angry
EMO1945.wav,angry
EMO1946.wav,angry
EMO1947.wav,angry
EMO1948.wav,angry
EMO1949.wav,angry
EMO1950.wav,angry
EMO1952.wav,angry
EMO1953.wav,angry
EMO1954.wav,angry
EMO1955.wav,angry
EMO1956.wav,angry
EMO1957.wav,angry
EMO1958.wav,angry
EMO1959.wav,disgusted
EMO1960.wav,sad
EMO1961.wav,angry
EMO1963.wav,sad
EMO1964.wav,angry
EMO1965.wav,disgusted
EMO1966.wav,disgusted
EMO1967.wav,angry
EMO1968.wav,angry
EMO1969.wav,disgusted
EMO1970.wav,angry
EMO1971.wav,disgusted
EMO1972.wav,angry
EMO1974.wav,angry
EMO1975.wav,angry
EMO1976.wav,angry
EMO1977.wav,angry
EMO1978.wav,angry
EMO1979.wav,angry
EMO1980.wav,disgusted
EMO1981.wav,angry
EMO1982.wav,angry
EMO1984.wav,angry
EMO1985.wav,disgusted
EMO1986.wav,disgusted
EMO1987.wav,angry
EMO1988.wav,disgusted
EMO1989.wav,angry
EMO1990.wav,disgusted
EMO1991.wav,angry
EMO1992.wav,disgusted
EMO1993.wav,angry
EMO1996.wav,angry
EMO1997.wav,angry
EMO1998.wav,angry
EMO1999.wav,disgusted
EMO2000.wav,disgusted
EMO2001.wav,disgusted
EMO2002.wav,angry
EMO2003.wav,angry
EMO2004.wav,disgusted
EMO2005.wav,angry
EMO2007.wav,angry
EMO2008.wav,sad
EMO2009.wav,angry
EMO2010.wav,angry
EMO2011.wav,angry
EMO2012.wav,angry
EMO2013.wav,angry
EMO2014.wav,sad
EMO2015.wav,angry
EMO2016.wav,angry
EMO2018.wav,disgusted
EMO2019.wav,angry
EMO2020.wav,angry
EMO2021.wav,disgusted
EMO2022.wav,angry
EMO2023.wav,disgusted
EMO2024.wav,disgusted
EMO2025.wav,angry
EMO2026.wav,sad
EMO2027.wav,angry
EMO2029.wav,angry
EMO2030.wav,disgusted
EMO2031.wav,angry
EMO2032.wav,angry
EMO2033.wav,disgusted
EMO2034.wav,angry
EMO2035.wav,angry
EMO2036.wav,disgusted
EMO2037.wav,angry
EMO2038.wav,angry
EMO2040.wav,disgusted
EMO2041.wav,disgusted
EMO2042.wav,angry
EMO2043.wav,angry
EMO2044.wav,sad
EMO2045.wav,disgusted
EMO2046.wav,disgusted
EMO2047.wav,angry
EMO2048.wav,disgusted
EMO2049.wav,disgusted
EMO2051.wav,satisfied
EMO2052.wav,joy
EMO2053.wav,satisfied
EMO2054.wav,satisfied
EMO2055.wav,joy
EMO2056.wav,joy
EMO2057.wav,joy
EMO2058.wav,satisfied
EMO2059.wav,satisfied
EMO2060.wav,satisfied
EMO2062.wav,satisfied
EMO2063.wav,joy
EMO2064.wav,satisfied
EMO2065.wav,satisfied
EMO2066.wav,joy
EMO2067.wav,joy
EMO2068.wav,satisfied
EMO2069.wav,joy
EMO2070.wav,satisfied
EMO2071.wav,satisfied
EMO2073.wav,joy
EMO2074.wav,satisfied
EMO2075.wav,joy
EMO2076.wav,satisfied
EMO2077.wav,satisfied
EMO2078.wav,satisfied
EMO2079.wav,joy
EMO2080.wav,satisfied
EMO2081.wav,satisfied
EMO2082.wav,joy
EMO2084.wav,satisfied
EMO2085.wav,joy
EMO2086.wav,joy
EMO2087.wav,satisfied
EMO2088.wav,satisfied
EMO2089.wav,satisfied
EMO2090.wav,satisfied
EMO2091.wav,satisfied
EMO2092.wav,satisfied
EMO2093.wav,satisfied
EMO2095.wav,joy
EMO2096.wav,satisfied
EMO2097.wav,satisfied
EMO2098.wav,satisfied
EMO2099.wav,satisfied
EMO2100.wav,satisfied
EMO2101.wav,satisfied
EMO2102.wav,satisfied
EMO2103.wav,satisfied
EMO2104.wav,joy
EMO2107.wav,satisfied
EMO2108.wav,satisfied
EMO2109.wav,satisfied
EMO2110.wav,satisfied
EMO2111.wav,satisfied
EMO2112.wav,satisfied
EMO2113.wav,satisfied
EMO2114.wav,satisfied
EMO2115.wav,joy
EMO2116.wav,joy
EMO2118.wav,satisfied
EMO2119.wav,satisfied
EMO2120.wav,satisfied
EMO2121.wav,satisfied
EMO2122.wav,satisfied
EMO2123.wav,satisfied
EMO2124.wav,satisfied
EMO2125.wav,joy
EMO2126.wav,satisfied
EMO2127.wav,joy
EMO2129.wav,joy
EMO2130.wav,satisfied
EMO2131.wav,satisfied
EMO2132.wav,joy
EMO2133.wav,satisfied
EMO2134.wav,satisfied
EMO2135.wav,satisfied
EMO2136.wav,satisfied
EMO2137.wav,satisfied
EMO2138.wav,joy
EMO2140.wav,satisfied
EMO2141.wav,satisfied
EMO2142.wav,joy
EMO2143.wav,satisfied
EMO2144.wav,satisfied
EMO2145.wav,satisfied
EMO2146.wav,joy
EMO2147.wav,satisfied
EMO2148.wav,satisfied
EMO2149.wav,satisfied
EMO2151.wav,satisfied
EMO2152.wav,joy
EMO2153.wav,satisfied
EMO2154.wav,satisfied
EMO2155.wav,satisfied
EMO2156.wav,satisfied
EMO2157.wav,satisfied
EMO2158.wav,satisfied
EMO2159.wav,satisfied
EMO2160.wav,satisfied
EMO2162.wav,satisfied
EMO2163.wav,satisfied
EMO2164.wav,satisfied
EMO2165.wav,satisfied
EMO2166.wav,satisfied
EMO2167.wav,satisfied
EMO2168.wav,joy
EMO2169.wav,satisfied
EMO2170.wav,satisfied
EMO2171.wav,satisfied
EMO2173.wav,satisfied
EMO2174.wav,satisfied
EMO2175.wav,satisfied
EMO2176.wav,satisfied
EMO2177.wav,satisfied
EMO2178.wav,satisfied
EMO2179.wav,satisfied
EMO2180.wav,satisfied
EMO2181.wav,satisfied
EMO2182.wav,joy
EMO2184.wav,satisfied
EMO2185.wav,satisfied
EMO2186.wav,joy
EMO2187.wav,joy
EMO2188.wav,satisfied
EMO2189.wav,satisfied
EMO2190.wav,joy
EMO2191.wav,satisfied
EMO2192.wav,satisfied
EMO2193.wav,satisfied
EMO2195.wav,joy
EMO2196.wav,joy
EMO2197.wav,satisfied
EMO2198.wav,satisfied
EMO2199.wav,satisfied
EMO2200.wav,satisfied
EMO2201.wav,satisfied
EMO2202.wav,satisfied
EMO2203.wav,neutral
EMO2204.wav,satisfied
EMO2206.wav,neutral
EMO2207.wav,neutral
EMO2208.wav,neutral
EMO2209.wav,neutral
EMO2210.wav,satisfied
EMO2211.wav,satisfied
EMO2212.wav,joy
EMO2213.wav,satisfied
EMO2214.wav,satisfied
EMO2215.wav,neutral
EMO2218.wav,satisfied
EMO2219.wav,joy
EMO2220.wav,joy
EMO2221.wav,neutral
EMO2222.wav,satisfied
EMO2223.wav,satisfied
EMO2224.wav,satisfied
EMO2225.wav,satisfied
EMO2226.wav,satisfied
EMO2227.wav,satisfied
EMO2229.wav,joy
EMO2230.wav,satisfied
EMO2231.wav,joy
EMO2232.wav,satisfied
EMO2233.wav,satisfied
EMO2234.wav,satisfied
EMO2235.wav,satisfied
EMO2236.wav,satisfied
EMO2237.wav,satisfied
EMO2238.wav,satisfied
EMO2240.wav,satisfied
EMO2241.wav,satisfied
EMO2242.wav,satisfied
EMO2243.wav,satisfied
EMO2244.wav,satisfied
EMO2245.wav,satisfied
EMO2246.wav,neutral
EMO2247.wav,neutral
EMO2248.wav,neutral
EMO2249.wav,neutral
EMO2251.wav,satisfied
EMO2252.wav,neutral
EMO2253.wav,neutral
EMO2254.wav,satisfied
EMO2255.wav,neutral
EMO2256.wav,neutral
EMO2257.wav,neutral
EMO2284.wav,sad
EMO2612.wav,sad
EMO2723.wav,sad
EMO2831.wav,sad
EMO2940.wav,sad
EMO2966.wav,sad
EMO2977.wav,sad
EMO2988.wav,sad
EMO2999.wav,sad
EMO3026.wav,sad
EMO3037.wav,sad
EMO3048.wav,sad
EMO3057.wav,joy
EMO3058.wav,disgusted
EMO3059.wav,disgusted
EMO3060.wav,sad
EMO3061.wav,satisfied
EMO3062.wav,satisfied
EMO3066.wav,satisfied
EMO3088.wav,disgusted
EMO3109.wav,disgusted
EMO3120.wav,disgusted
EMO3131.wav,disgusted
EMO3142.wav,disgusted
EMO3153.wav,satisfied
EMO3164.wav,joy
EMO3175.wav,satisfied
EMO3186.wav,disgusted
EMO3217.wav,angry
EMO3228.wav,angry
EMO3239.wav,satisfied
EMO3250.wav,disgusted
EMO3261.wav,disgusted
EMO3282.wav,disgusted
EMO3293.wav,sad
EMO3304.wav,satisfied
EMO3315.wav,satisfied
EMO3336.wav,disgusted
EMO3347.wav,satisfied
EMO3358.wav,satisfied
EMO3368.wav,satisfied
EMO3379.wav,satisfied
EMO3390.wav,joy
EMO3401.wav,neutral
EMO3412.wav,disgusted
EMO3423.wav,angry
EMO3434.wav,disgusted
EMO3445.wav,disgusted
EMO3456.wav,joy
EMO3467.wav,angry
EMO3478.wav,sad
EMO3488.wav,sad
EMO3499.wav,disgusted
EMO3510.wav,joy
EMO3521.wav,joy
EMO3552.wav,disgusted
EMO3563.wav,satisfied
EMO3574.wav,angry
EMO3585.wav,joy
EMO3596.wav,satisfied
EMO3607.wav,satisfied
EMO3618.wav,joy
EMO3629.wav,angry
EMO3640.wav,disgusted
EMO3651.wav,disgusted
EMO3662.wav,joy
EMO3673.wav,sad
EMO3684.wav,sad
EMO3695.wav,joy
EMO3706.wav,disgusted
EMO3717.wav,disgusted
EMO3728.wav,satisfied
EMO3739.wav,neutral
EMO3750.wav,neutral
EMO3761.wav,satisfied
EMO3772.wav,joy
EMO3783.wav,satisfied
EMO2285.wav,satisfied
EMO2296.wav,disgusted
EMO2307.wav,sad
EMO2318.wav,angry
EMO2329.wav,joy
EMO2339.wav,sad
EMO2350.wav,disgusted
EMO2361.wav,neutral
EMO2372.wav,satisfied
EMO2383.wav,angry
EMO2394.wav,joy
EMO2405.wav,angry
EMO2416.wav,disgusted
EMO2427.wav,satisfied
EMO2438.wav,sad
EMO2449.wav,disgusted
EMO2460.wav,joy
EMO2471.wav,sad
EMO2482.wav,joy
EMO2493.wav,satisfied
EMO2504.wav,disgusted
EMO2515.wav,sad
EMO2526.wav,satisfied
EMO2537.wav,disgusted
EMO2548.wav,angry
EMO2559.wav,disgusted
EMO2570.wav,satisfied
EMO2581.wav,angry
EMO2592.wav,satisfied
EMO2601.wav,satisfied
EMO2613.wav,sad
EMO2624.wav,sad
EMO2635.wav,disgusted
EMO2646.wav,disgusted
EMO2657.wav,satisfied
EMO2668.wav,sad
EMO2679.wav,angry
EMO2690.wav,satisfied
EMO2701.wav,joy
EMO2712.wav,satisfied
EMO2724.wav,angry
EMO2732.wav,disgusted
EMO2743.wav,disgusted
EMO2754.wav,sad
EMO2765.wav,disgusted
EMO2776.wav,disgusted
EMO2787.wav,disgusted
EMO2798.wav,disgusted
EMO2809.wav,joy
EMO2820.wav,angry
EMO2832.wav,satisfied
EMO2843.wav,sad
EMO2854.wav,satisfied
EMO2865.wav,disgusted
EMO2876.wav,satisfied
EMO2887.wav,satisfied
EMO2896.wav,disgusted
EMO2907.wav,satisfied
EMO2918.wav,joy
EMO2929.wav,satisfied
EMO2941.wav,sad
EMO2952.wav,angry
EMO2958.wav,angry
EMO2959.wav,angry
EMO2960.wav,disgusted
EMO2961.wav,satisfied
EMO2962.wav,disgusted
EMO2963.wav,angry
EMO2964.wav,joy
EMO2965.wav,joy
EMO2967.wav,angry
EMO2968.wav,sad
EMO2969.wav,satisfied
EMO2970.wav,disgusted
EMO2971.wav,disgusted
EMO2972.wav,disgusted
EMO2973.wav,satisfied
EMO2974.wav,satisfied
EMO2975.wav,disgusted
EMO2976.wav,disgusted
EMO2978.wav,neutral
EMO2979.wav,joy
EMO2980.wav,satisfied
EMO2981.wav,disgusted
EMO2982.wav,sad
EMO2983.wav,sad
EMO2984.wav,sad
EMO2985.wav,disgusted
EMO2986.wav,disgusted
EMO2987.wav,neutral
EMO2989.wav,disgusted
EMO2990.wav,satisfied
EMO2991.wav,sad
EMO2992.wav,disgusted
EMO2993.wav,angry
EMO2994.wav,disgusted
EMO2995.wav,satisfied
EMO2996.wav,angry
EMO2997.wav,disgusted
EMO2998.wav,satisfied
EMO3000.wav,satisfied
EMO3009.wav,sad
EMO3010.wav,disgusted
EMO3019.wav,satisfied
EMO3020.wav,angry
EMO3021.wav,satisfied
EMO3022.wav,disgusted
EMO3023.wav,angry
EMO3024.wav,angry
EMO3025.wav,satisfied
EMO3027.wav,satisfied
EMO3028.wav,joy
EMO3029.wav,disgusted
EMO3030.wav,satisfied
EMO3031.wav,satisfied
EMO3032.wav,satisfied
EMO3033.wav,disgusted
EMO3034.wav,neutral
EMO3035.wav,disgusted
EMO3036.wav,sad
EMO3038.wav,disgusted
EMO3039.wav,disgusted
EMO3040.wav,satisfied
EMO3041.wav,disgusted
EMO3042.wav,angry
EMO3043.wav,disgusted
EMO3044.wav,angry
EMO3045.wav,angry
EMO3046.wav,angry
EMO3047.wav,disgusted
EMO3049.wav,sad
EMO3050.wav,disgusted
EMO3051.wav,sad
EMO3052.wav,satisfied
EMO3053.wav,satisfied
EMO3054.wav,satisfied
EMO3055.wav,joy
EMO3056.wav,satisfied
EMO3063.wav,joy
EMO3064.wav,satisfied
EMO3065.wav,joy
EMO3067.wav,joy
EMO3068.wav,disgusted
EMO3069.wav,sad
EMO3070.wav,sad
EMO3071.wav,disgusted
EMO3072.wav,disgusted
EMO3073.wav,satisfied
EMO3074.wav,disgusted
EMO3075.wav,disgusted
EMO3076.wav,satisfied
EMO3078.wav,satisfied
EMO3079.wav,disgusted
EMO3080.wav,satisfied
EMO3081.wav,disgusted
EMO3082.wav,sad
EMO3083.wav,satisfied
EMO3084.wav,satisfied
EMO3085.wav,satisfied
EMO3086.wav,satisfied
EMO3087.wav,satisfied
EMO3089.wav,disgusted
EMO3090.wav,disgusted
EMO3091.wav,disgusted
EMO3092.wav,angry
EMO3093.wav,satisfied
EMO3094.wav,satisfied
EMO3095.wav,disgusted
EMO3096.wav,disgusted
EMO3097.wav,disgusted
EMO3098.wav,disgusted
EMO3099.wav,disgusted
EMO3100.wav,satisfied
EMO3101.wav,satisfied
EMO3102.wav,sad
EMO3103.wav,satisfied
EMO3104.wav,disgusted
EMO3105.wav,disgusted
EMO3106.wav,joy
EMO3107.wav,disgusted
EMO3108.wav,joy
EMO3110.wav,joy
EMO3111.wav,joy
EMO3112.wav,satisfied
EMO3113.wav,satisfied
EMO3114.wav,satisfied
EMO3115.wav,satisfied
EMO3116.wav,satisfied
EMO3117.wav,disgusted
EMO3118.wav,joy
EMO3119.wav,disgusted
EMO3121.wav,angry
EMO3122.wav,disgusted
EMO3123.wav,disgusted
EMO3124.wav,disgusted
EMO3125.wav,satisfied
EMO3126.wav,satisfied
EMO3127.wav,joy
EMO3128.wav,sad
EMO3129.wav,satisfied
EMO3130.wav,satisfied
EMO3132.wav,satisfied
EMO3133.wav,disgusted
EMO3134.wav,sad
EMO3135.wav,disgusted
EMO3136.wav,sad
EMO3137.wav,satisfied
EMO3138.wav,satisfied
EMO3139.wav,satisfied
EMO3140.wav,joy
EMO3141.wav,satisfied
EMO3143.wav,satisfied
EMO3144.wav,satisfied
EMO3145.wav,joy
EMO3146.wav,disgusted
EMO3147.wav,joy
EMO3148.wav,satisfied
EMO3149.wav,disgusted
EMO3150.wav,satisfied
EMO3151.wav,satisfied
EMO3152.wav,sad
EMO3154.wav,sad
EMO3155.wav,disgusted
EMO3156.wav,satisfied
EMO3157.wav,angry
EMO3158.wav,satisfied
EMO3159.wav,disgusted
EMO3160.wav,satisfied
EMO3161.wav,satisfied
EMO3162.wav,joy
EMO3163.wav,sad
EMO3165.wav,sad
EMO3166.wav,disgusted
EMO3167.wav,sad
EMO3168.wav,disgusted
EMO3169.wav,disgusted
EMO3170.wav,sad
EMO3171.wav,satisfied
EMO3172.wav,satisfied
EMO3173.wav,disgusted
EMO3174.wav,joy
EMO3176.wav,sad
EMO3177.wav,disgusted
EMO3178.wav,disgusted
EMO3179.wav,satisfied
EMO3180.wav,angry
EMO3181.wav,satisfied
EMO3182.wav,satisfied
EMO3183.wav,satisfied
EMO3184.wav,satisfied
EMO3185.wav,satisfied
EMO3187.wav,satisfied
EMO3188.wav,sad
EMO3189.wav,sad
EMO3190.wav,disgusted
EMO3191.wav,satisfied
EMO3192.wav,joy
EMO3193.wav,angry
EMO3194.wav,disgusted
EMO3195.wav,satisfied
EMO3196.wav,satisfied
EMO3197.wav,satisfied
EMO3198.wav,satisfied
EMO3199.wav,disgusted
EMO3200.wav,neutral
EMO3201.wav,sad
EMO3202.wav,disgusted
EMO3203.wav,sad
EMO3204.wav,satisfied
EMO3205.wav,angry
EMO3206.wav,satisfied
EMO3207.wav,sad
EMO3208.wav,satisfied
EMO3209.wav,sad
EMO3210.wav,disgusted
EMO3211.wav,satisfied
EMO3212.wav,satisfied
EMO3213.wav,angry
EMO3214.wav,satisfied
EMO3215.wav,angry
EMO3216.wav,sad
EMO3218.wav,angry
EMO3219.wav,sad
EMO3220.wav,satisfied
EMO3221.wav,satisfied
EMO3222.wav,sad
EMO3223.wav,neutral
EMO3224.wav,sad
EMO3225.wav,neutral
EMO3226.wav,satisfied
EMO3227.wav,disgusted
EMO3229.wav,sad
EMO3230.wav,satisfied
EMO3231.wav,angry
EMO3232.wav,disgusted
EMO3233.wav,angry
EMO3234.wav,disgusted
EMO3235.wav,disgusted
EMO3236.wav,satisfied
EMO3237.wav,disgusted
EMO3238.wav,sad
EMO3240.wav,satisfied
EMO3241.wav,joy
EMO3242.wav,disgusted
EMO3243.wav,disgusted
EMO3244.wav,satisfied
EMO3245.wav,disgusted
EMO3246.wav,sad
EMO3247.wav,joy
EMO3248.wav,sad
EMO3249.wav,sad
EMO3251.wav,sad
EMO3252.wav,disgusted
EMO3253.wav,joy
EMO3254.wav,angry
EMO3255.wav,angry
EMO3256.wav,satisfied
EMO3257.wav,satisfied
EMO3258.wav,disgusted
EMO3259.wav,satisfied
EMO3260.wav,sad
EMO3262.wav,neutral
EMO3263.wav,sad
EMO3264.wav,angry
EMO3265.wav,sad
EMO3266.wav,satisfied
EMO3267.wav,disgusted
EMO3268.wav,disgusted
EMO3269.wav,angry
EMO3270.wav,satisfied
EMO3271.wav,disgusted
EMO3272.wav,disgusted
EMO3273.wav,disgusted
EMO3274.wav,sad
EMO3275.wav,disgusted
EMO3276.wav,disgusted
EMO3277.wav,satisfied
EMO3278.wav,satisfied
EMO3279.wav,neutral
EMO3280.wav,satisfied
EMO3281.wav,disgusted
EMO3283.wav,disgusted
EMO3284.wav,satisfied
EMO3285.wav,satisfied
EMO3286.wav,angry
EMO3287.wav,sad
EMO3288.wav,sad
EMO3289.wav,angry
EMO3290.wav,satisfied
EMO3291.wav,disgusted
EMO3292.wav,sad
EMO3294.wav,disgusted
EMO3295.wav,disgusted
EMO3296.wav,disgusted
EMO3297.wav,disgusted
EMO3298.wav,angry
EMO3299.wav,disgusted
EMO3300.wav,disgusted
EMO3301.wav,angry
EMO3302.wav,disgusted
EMO3303.wav,sad
EMO3305.wav,sad
EMO3306.wav,sad
EMO3307.wav,angry
EMO3308.wav,satisfied
EMO3309.wav,satisfied
EMO3310.wav,satisfied
EMO3311.wav,satisfied
EMO3312.wav,disgusted
EMO3313.wav,sad
EMO3314.wav,disgusted
EMO3316.wav,sad
EMO3317.wav,satisfied
EMO3318.wav,satisfied
EMO3319.wav,angry
EMO3320.wav,sad
EMO3321.wav,disgusted
EMO3322.wav,satisfied
EMO3323.wav,sad
EMO3324.wav,joy
EMO3325.wav,sad
EMO3326.wav,sad
EMO3327.wav,sad
EMO3328.wav,satisfied
EMO3329.wav,satisfied
EMO3330.wav,disgusted
EMO3331.wav,satisfied
EMO3332.wav,satisfied
EMO3333.wav,disgusted
EMO3334.wav,disgusted
EMO3335.wav,satisfied
EMO3337.wav,satisfied
EMO3338.wav,disgusted
EMO3339.wav,disgusted
EMO3340.wav,satisfied
EMO3341.wav,satisfied
EMO3342.wav,sad
EMO3343.wav,disgusted
EMO3344.wav,satisfied
EMO3345.wav,satisfied
EMO3346.wav,satisfied
EMO3348.wav,satisfied
EMO3349.wav,satisfied
EMO3350.wav,satisfied
EMO3351.wav,neutral
EMO3352.wav,sad
EMO3353.wav,angry
EMO3354.wav,sad
EMO3355.wav,disgusted
EMO3356.wav,disgusted
EMO3357.wav,disgusted
EMO3359.wav,joy
EMO3360.wav,disgusted
EMO3361.wav,satisfied
EMO3362.wav,satisfied
EMO3363.wav,disgusted
EMO3364.wav,satisfied
EMO3365.wav,angry
EMO3366.wav,satisfied
EMO3367.wav,disgusted
EMO3369.wav,sad
EMO3370.wav,satisfied
EMO3371.wav,satisfied
EMO3372.wav,disgusted
EMO3373.wav,satisfied
EMO3374.wav,satisfied
EMO3375.wav,disgusted
EMO3376.wav,sad
EMO3377.wav,satisfied
EMO3378.wav,disgusted
EMO3380.wav,disgusted
EMO3381.wav,satisfied
EMO3382.wav,disgusted
EMO3383.wav,disgusted
EMO3384.wav,satisfied
EMO3385.wav,satisfied
EMO3386.wav,satisfied
EMO3387.wav,satisfied
EMO3388.wav,satisfied
EMO3389.wav,angry
EMO3391.wav,satisfied
EMO3392.wav,disgusted
EMO3393.wav,satisfied
EMO3394.wav,satisfied
EMO3395.wav,disgusted
EMO3396.wav,disgusted
EMO3397.wav,satisfied
EMO3398.wav,disgusted
EMO3399.wav,disgusted
EMO3400.wav,sad
EMO3402.wav,angry
EMO3403.wav,angry
EMO3404.wav,angry
EMO3405.wav,sad
EMO3406.wav,angry
EMO3407.wav,joy
EMO3408.wav,satisfied
EMO3409.wav,disgusted
EMO3410.wav,satisfied
EMO3411.wav,sad
EMO3413.wav,angry
EMO3414.wav,neutral
EMO3415.wav,disgusted
EMO3416.wav,satisfied
EMO3417.wav,disgusted
EMO3418.wav,angry
EMO3419.wav,neutral
EMO3420.wav,angry
EMO3421.wav,neutral
EMO3422.wav,disgusted
EMO3424.wav,satisfied
EMO3425.wav,sad
EMO3426.wav,disgusted
EMO3427.wav,satisfied
EMO3428.wav,disgusted
EMO3429.wav,disgusted
EMO3430.wav,disgusted
EMO3431.wav,satisfied
EMO3432.wav,angry
EMO3433.wav,disgusted
EMO3435.wav,neutral
EMO3436.wav,disgusted
EMO3437.wav,disgusted
EMO3438.wav,neutral
EMO3439.wav,sad
EMO3440.wav,satisfied
EMO3441.wav,disgusted
EMO3442.wav,disgusted
EMO3443.wav,joy
EMO3444.wav,sad
EMO3446.wav,sad
EMO3447.wav,disgusted
EMO3448.wav,satisfied
EMO3449.wav,sad
EMO3450.wav,disgusted
EMO3451.wav,disgusted
EMO3452.wav,satisfied
EMO3453.wav,disgusted
EMO3454.wav,disgusted
EMO3455.wav,sad
EMO3457.wav,neutral
EMO3458.wav,angry
EMO3459.wav,disgusted
EMO3460.wav,disgusted
EMO3461.wav,disgusted
EMO3462.wav,sad
EMO3463.wav,satisfied
EMO3464.wav,disgusted
EMO3465.wav,disgusted
EMO3466.wav,disgusted
EMO3468.wav,angry
EMO3469.wav,satisfied
EMO3470.wav,disgusted
EMO3471.wav,disgusted
EMO3472.wav,satisfied
EMO3473.wav,sad
EMO3474.wav,satisfied
EMO3475.wav,satisfied
EMO3476.wav,joy
EMO3477.wav,disgusted
EMO3479.wav,disgusted
EMO3480.wav,satisfied
EMO3481.wav,disgusted
EMO3482.wav,sad
EMO3483.wav,satisfied
EMO3484.wav,disgusted
EMO3485.wav,disgusted
EMO3486.wav,satisfied
EMO3487.wav,disgusted
EMO3489.wav,disgusted
EMO3490.wav,disgusted
EMO3491.wav,disgusted
EMO3492.wav,disgusted
EMO3493.wav,disgusted
EMO3494.wav,disgusted
EMO3495.wav,satisfied
EMO3496.wav,sad
EMO3497.wav,satisfied
EMO3498.wav,disgusted
EMO3500.wav,angry
EMO3501.wav,satisfied
EMO3502.wav,satisfied
EMO3503.wav,neutral
EMO3504.wav,disgusted
EMO3505.wav,disgusted
EMO3506.wav,satisfied
EMO3507.wav,angry
EMO3508.wav,joy
EMO3509.wav,disgusted
EMO3511.wav,satisfied
EMO3512.wav,satisfied
EMO3513.wav,satisfied
EMO3514.wav,disgusted
EMO3515.wav,satisfied
EMO3516.wav,satisfied
EMO3517.wav,angry
EMO3518.wav,satisfied
EMO3519.wav,satisfied
EMO3520.wav,satisfied
EMO3522.wav,disgusted
EMO3523.wav,satisfied
EMO3524.wav,angry
EMO3525.wav,neutral
EMO3526.wav,satisfied
EMO3527.wav,sad
EMO3528.wav,angry
EMO3529.wav,satisfied
EMO3530.wav,neutral
EMO3531.wav,satisfied
EMO3532.wav,sad
EMO3533.wav,angry
EMO3534.wav,satisfied
EMO3535.wav,angry
EMO3536.wav,disgusted
EMO3537.wav,angry
EMO3538.wav,satisfied
EMO3539.wav,disgusted
EMO3540.wav,disgusted
EMO3541.wav,satisfied
EMO3542.wav,satisfied
EMO3543.wav,satisfied
EMO3544.wav,neutral
EMO3545.wav,satisfied
EMO3546.wav,satisfied
EMO3547.wav,disgusted
EMO3548.wav,disgusted
EMO3549.wav,satisfied
EMO3550.wav,angry
EMO3551.wav,disgusted
EMO3553.wav,satisfied
EMO3554.wav,disgusted
EMO3555.wav,angry
EMO3556.wav,sad
EMO3557.wav,satisfied
EMO3558.wav,satisfied
EMO3559.wav,satisfied
EMO3560.wav,disgusted
EMO3561.wav,sad
EMO3562.wav,satisfied
EMO3564.wav,sad
EMO3565.wav,disgusted
EMO3566.wav,satisfied
EMO3567.wav,satisfied
EMO3568.wav,sad
EMO3569.wav,angry
EMO3570.wav,satisfied
EMO3571.wav,sad
EMO3572.wav,joy
EMO3573.wav,joy
EMO3575.wav,sad
EMO3576.wav,satisfied
EMO3577.wav,disgusted
EMO3578.wav,sad
EMO3579.wav,satisfied
EMO3580.wav,disgusted
EMO3581.wav,satisfied
EMO3582.wav,satisfied
EMO3583.wav,joy
EMO3584.wav,sad
EMO3586.wav,satisfied
EMO3587.wav,neutral
EMO3588.wav,satisfied
EMO3589.wav,satisfied
EMO3590.wav,neutral
EMO3591.wav,disgusted
EMO3592.wav,satisfied
EMO3593.wav,sad
EMO3594.wav,neutral
EMO3595.wav,joy
EMO3597.wav,angry
EMO3598.wav,sad
EMO3599.wav,disgusted
EMO3600.wav,disgusted
EMO3601.wav,disgusted
EMO3602.wav,sad
EMO3603.wav,sad
EMO3604.wav,neutral
EMO3605.wav,disgusted
EMO3606.wav,satisfied
EMO3608.wav,sad
EMO3609.wav,joy
EMO3610.wav,neutral
EMO3611.wav,satisfied
EMO3612.wav,joy
EMO3613.wav,joy
EMO3614.wav,sad
EMO3615.wav,neutral
EMO3616.wav,satisfied
EMO3617.wav,sad
EMO3619.wav,angry
EMO3620.wav,neutral
EMO3621.wav,satisfied
EMO3622.wav,disgusted
EMO3623.wav,satisfied
EMO3624.wav,satisfied
EMO3625.wav,satisfied
EMO3626.wav,satisfied
EMO3627.wav,satisfied
EMO3628.wav,joy
EMO3630.wav,satisfied
EMO3631.wav,sad
EMO3632.wav,sad
EMO3633.wav,sad
EMO3634.wav,angry
EMO3635.wav,sad
EMO3636.wav,satisfied
EMO3637.wav,sad
EMO3638.wav,disgusted
EMO3639.wav,sad
EMO3641.wav,sad
EMO3642.wav,neutral
EMO3643.wav,satisfied
EMO3644.wav,sad
EMO3645.wav,satisfied
EMO3646.wav,satisfied
EMO3647.wav,satisfied
EMO3648.wav,satisfied
EMO3649.wav,sad
EMO3650.wav,satisfied
EMO3652.wav,sad
EMO3653.wav,satisfied
EMO3654.wav,satisfied
EMO3655.wav,disgusted
EMO3656.wav,satisfied
EMO3657.wav,neutral
EMO3658.wav,neutral
EMO3659.wav,joy
EMO3660.wav,angry
EMO3661.wav,sad
EMO3663.wav,neutral
EMO3664.wav,satisfied
EMO3665.wav,sad
EMO3666.wav,sad
EMO3667.wav,satisfied
EMO3668.wav,angry
EMO3669.wav,satisfied
EMO3670.wav,satisfied
EMO3671.wav,satisfied
EMO3672.wav,satisfied
EMO3674.wav,sad
EMO3675.wav,neutral
EMO3676.wav,neutral
EMO3677.wav,satisfied
EMO3678.wav,sad
EMO3679.wav,joy
EMO3680.wav,satisfied
EMO3681.wav,joy
EMO3682.wav,sad
EMO3683.wav,sad
EMO3685.wav,satisfied
EMO3686.wav,disgusted
EMO3687.wav,sad
EMO3688.wav,satisfied
EMO3689.wav,angry
EMO3690.wav,satisfied
EMO3691.wav,neutral
EMO3692.wav,satisfied
EMO3693.wav,satisfied
EMO3694.wav,angry
EMO3696.wav,satisfied
EMO3697.wav,satisfied
EMO3698.wav,angry
EMO3699.wav,satisfied
EMO3700.wav,satisfied
EMO3701.wav,neutral
EMO3702.wav,satisfied
EMO3703.wav,satisfied
EMO3704.wav,satisfied
EMO3705.wav,disgusted
EMO3707.wav,neutral
EMO3708.wav,sad
EMO3709.wav,satisfied
EMO3710.wav,sad
EMO3711.wav,disgusted
EMO3712.wav,disgusted
EMO3713.wav,disgusted
EMO3714.wav,sad
EMO3715.wav,angry
EMO3716.wav,angry
EMO3718.wav,disgusted
EMO3719.wav,disgusted
EMO3720.wav,disgusted
EMO3721.wav,disgusted
EMO3722.wav,satisfied
EMO3723.wav,disgusted
EMO3724.wav,disgusted
EMO3725.wav,disgusted
EMO3726.wav,angry
EMO3727.wav,angry
EMO3729.wav,angry
EMO3730.wav,angry
EMO3731.wav,neutral
EMO3732.wav,sad
EMO3733.wav,disgusted
EMO3734.wav,disgusted
EMO3735.wav,angry
EMO3736.wav,satisfied
EMO3737.wav,angry
EMO3738.wav,satisfied
EMO3740.wav,satisfied
EMO3741.wav,angry
EMO3742.wav,disgusted
EMO3743.wav,angry
EMO3744.wav,angry
EMO3745.wav,angry
EMO3746.wav,satisfied
EMO3747.wav,neutral
EMO3748.wav,satisfied
EMO3749.wav,neutral
EMO3751.wav,joy
EMO3752.wav,joy
EMO3753.wav,satisfied
EMO3754.wav,neutral
EMO3755.wav,disgusted
EMO3756.wav,disgusted
EMO3757.wav,neutral
EMO3758.wav,joy
EMO3759.wav,disgusted
EMO3760.wav,angry
EMO3762.wav,angry
EMO3763.wav,sad
EMO3764.wav,neutral
EMO3765.wav,joy
EMO3766.wav,angry
EMO3767.wav,disgusted
EMO3768.wav,disgusted
EMO3769.wav,disgusted
EMO3770.wav,joy
EMO3771.wav,disgusted
EMO3773.wav,disgusted
EMO3774.wav,satisfied
EMO3775.wav,disgusted
EMO3776.wav,satisfied
EMO3777.wav,disgusted
EMO3778.wav,disgusted
EMO3779.wav,disgusted
EMO3780.wav,disgusted
EMO3781.wav,sad
EMO3782.wav,disgusted
EMO3784.wav,sad
EMO3785.wav,disgusted
EMO3786.wav,angry
EMO3787.wav,joy
EMO3788.wav,sad
EMO3789.wav,sad
EMO3790.wav,disgusted
EMO3791.wav,disgusted
EMO3792.wav,disgusted
EMO3793.wav,disgusted
EMO2286.wav,joy
EMO2287.wav,satisfied
EMO2288.wav,angry
EMO2289.wav,satisfied
EMO2290.wav,sad
EMO2291.wav,satisfied
EMO2292.wav,satisfied
EMO2293.wav,angry
EMO2294.wav,satisfied
EMO2295.wav,sad
EMO2297.wav,disgusted
EMO2298.wav,disgusted
EMO2299.wav,angry
EMO2300.wav,satisfied
EMO2301.wav,disgusted
EMO2302.wav,satisfied
EMO2303.wav,disgusted
EMO2304.wav,sad
EMO2305.wav,sad
EMO2306.wav,joy
EMO2308.wav,disgusted
EMO2309.wav,joy
EMO2310.wav,satisfied
EMO2311.wav,satisfied
EMO2312.wav,angry
EMO2313.wav,angry
EMO2314.wav,angry
EMO2315.wav,sad
EMO2316.wav,disgusted
EMO2317.wav,disgusted
EMO2319.wav,sad
EMO2320.wav,satisfied
EMO2321.wav,satisfied
EMO2322.wav,satisfied
EMO2323.wav,disgusted
EMO2324.wav,satisfied
EMO2325.wav,disgusted
EMO2326.wav,disgusted
EMO2327.wav,angry
EMO2328.wav,sad
EMO2330.wav,joy
EMO2331.wav,satisfied
EMO2332.wav,satisfied
EMO2333.wav,satisfied
EMO2334.wav,disgusted
EMO2335.wav,disgusted
EMO2336.wav,disgusted
EMO2337.wav,satisfied
EMO2338.wav,disgusted
EMO2340.wav,sad
EMO2341.wav,sad
EMO2342.wav,disgusted
EMO2343.wav,joy
EMO2344.wav,satisfied
EMO2345.wav,disgusted
EMO2346.wav,satisfied
EMO2347.wav,satisfied
EMO2348.wav,satisfied
EMO2349.wav,sad
EMO2351.wav,disgusted
EMO2352.wav,satisfied
EMO2353.wav,sad
EMO2354.wav,satisfied
EMO2355.wav,satisfied
EMO2356.wav,satisfied
EMO2357.wav,disgusted
EMO2358.wav,satisfied
EMO2359.wav,disgusted
EMO2360.wav,disgusted
EMO2362.wav,joy
EMO2363.wav,disgusted
EMO2364.wav,satisfied
EMO2365.wav,angry
EMO2366.wav,satisfied
EMO2367.wav,satisfied
EMO2368.wav,sad
EMO2369.wav,joy
EMO2370.wav,joy
EMO2371.wav,satisfied
EMO2373.wav,disgusted
EMO2374.wav,sad
EMO2375.wav,sad
EMO2376.wav,disgusted
EMO2377.wav,sad
EMO2378.wav,satisfied
EMO2379.wav,sad
EMO2380.wav,disgusted
EMO2381.wav,sad
EMO2382.wav,satisfied
EMO2384.wav,disgusted
EMO2385.wav,disgusted
EMO2386.wav,sad
EMO2387.wav,satisfied
EMO2388.wav,joy
EMO2389.wav,satisfied
EMO2390.wav,sad
EMO2391.wav,satisfied
EMO2392.wav,sad
EMO2393.wav,sad
EMO2395.wav,disgusted
EMO2396.wav,disgusted
EMO2397.wav,joy
EMO2398.wav,sad
EMO2399.wav,joy
EMO2400.wav,angry
EMO2401.wav,satisfied
EMO2402.wav,disgusted
EMO2403.wav,sad
EMO2404.wav,sad
EMO2406.wav,sad
EMO2407.wav,sad
EMO2408.wav,sad
EMO2409.wav,joy
EMO2410.wav,sad
EMO2411.wav,satisfied
EMO2412.wav,disgusted
EMO2413.wav,satisfied
EMO2414.wav,satisfied
EMO2415.wav,satisfied
EMO2417.wav,disgusted
EMO2418.wav,disgusted
EMO2419.wav,joy
EMO2420.wav,sad
EMO2421.wav,satisfied
EMO2422.wav,satisfied
EMO2423.wav,satisfied
EMO2424.wav,sad
EMO2425.wav,disgusted
EMO2426.wav,satisfied
EMO2428.wav,satisfied
EMO2429.wav,angry
EMO2430.wav,satisfied
EMO2431.wav,joy
EMO2432.wav,sad
EMO2433.wav,angry
EMO2434.wav,disgusted
EMO2435.wav,satisfied
EMO2436.wav,satisfied
EMO2437.wav,satisfied
EMO2439.wav,satisfied
EMO2440.wav,satisfied
EMO2441.wav,sad
EMO2442.wav,sad
EMO2443.wav,satisfied
EMO2444.wav,satisfied
EMO2445.wav,satisfied
EMO2446.wav,satisfied
EMO2447.wav,satisfied
EMO2448.wav,satisfied
EMO2450.wav,neutral
EMO2451.wav,sad
EMO2452.wav,sad
EMO2453.wav,joy
EMO2454.wav,disgusted
EMO2455.wav,disgusted
EMO2456.wav,angry
EMO2457.wav,angry
EMO2458.wav,angry
EMO2459.wav,joy
EMO2461.wav,satisfied
EMO2462.wav,satisfied
EMO2463.wav,satisfied
EMO2464.wav,neutral
EMO2465.wav,satisfied
EMO2466.wav,sad
EMO2467.wav,neutral
EMO2468.wav,joy
EMO2469.wav,neutral
EMO2470.wav,neutral
EMO2472.wav,satisfied
EMO2473.wav,sad
EMO2474.wav,satisfied
EMO2475.wav,joy
EMO2476.wav,disgusted
EMO2477.wav,sad
EMO2478.wav,joy
EMO2479.wav,joy
EMO2480.wav,satisfied
EMO2481.wav,satisfied
EMO2483.wav,joy
EMO2484.wav,joy
EMO2485.wav,satisfied
EMO2486.wav,satisfied
EMO2487.wav,disgusted
EMO2488.wav,satisfied
EMO2489.wav,satisfied
EMO2490.wav,disgusted
EMO2491.wav,satisfied
EMO2492.wav,joy
EMO2494.wav,disgusted
EMO2495.wav,satisfied
EMO2496.wav,sad
EMO2497.wav,satisfied
EMO2498.wav,disgusted
EMO2499.wav,satisfied
EMO2500.wav,joy
EMO2501.wav,satisfied
EMO2502.wav,satisfied
EMO2503.wav,disgusted
EMO2505.wav,angry
EMO2506.wav,joy
EMO2507.wav,angry
EMO2508.wav,joy
EMO2509.wav,disgusted
EMO2510.wav,satisfied
EMO2511.wav,disgusted
EMO2512.wav,disgusted
EMO2513.wav,joy
EMO2514.wav,satisfied
EMO2517.wav,disgusted
EMO2518.wav,disgusted
EMO2532.wav,disgusted
EMO2539.wav,disgusted
EMO2540.wav,disgusted
EMO2542.wav,joy
EMO2544.wav,disgusted
EMO2546.wav,disgusted
EMO2549.wav,disgusted
EMO2551.wav,disgusted
EMO2553.wav,disgusted
EMO2554.wav,disgusted
EMO2563.wav,disgusted
EMO2674.wav,disgusted
EMO2675.wav,disgusted
EMO2770.wav,disgusted
EMO2771.wav,disgusted
EMO2775.wav,disgusted
EMO2779.wav,disgusted
EMO2784.wav,disgusted
EMO2788.wav,disgusted
EMO2930.wav,joy
EMO2953.wav,satisfied
EMO2807.wav,disgusted
EMO2808.wav,disgusted
EMO2812.wav,disgusted
EMO2813.wav,disgusted
EMO2821.wav,disgusted
EMO2825.wav,disgusted
EMO2840.wav,disgusted
EMO2846.wav,disgusted
EMO2850.wav,disgusted
EMO2858.wav,disgusted
EMO2863.wav,disgusted
EMO2870.wav,disgusted
EMO2871.wav,disgusted
EMO2872.wav,disgusted
EMO2883.wav,disgusted
EMO2884.wav,disgusted
EMO2885.wav,disgusted
EMO2886.wav,disgusted
EMO2901.wav,disgusted
EMO2903.wav,disgusted
EMO2932.wav,disgusted
EMO2933.wav,disgusted
EMO2935.wav,disgusted
EMO2937.wav,disgusted
EMO2938.wav,disgusted
EMO2939.wav,disgusted
EMO2942.wav,disgusted
EMO2943.wav,disgusted
EMO2946.wav,disgusted
EMO2521.wav,angry
EMO2522.wav,angry
EMO2543.wav,angry
EMO2552.wav,angry
EMO2562.wav,angry
EMO2564.wav,angry
EMO2569.wav,angry
EMO2594.wav,angry
EMO2649.wav,angry
EMO2671.wav,angry
EMO2672.wav,angry
EMO2789.wav,angry
EMO2792.wav,angry
EMO2794.wav,angry
EMO2801.wav,angry
EMO2806.wav,angry
EMO2810.wav,angry
EMO2811.wav,angry
EMO2819.wav,angry
EMO2835.wav,angry
EMO2836.wav,angry
EMO2892.wav,angry
EMO2893.wav,angry
EMO2894.wav,angry
EMO2895.wav,angry
EMO2897.wav,angry
EMO2898.wav,angry
EMO2905.wav,angry
EMO2906.wav,angry
EMO2908.wav,angry
EMO2909.wav,angry
EMO3001.wav,angry
EMO3002.wav,angry
EMO3003.wav,angry
EMO3004.wav,angry
EMO3005.wav,angry
EMO2516.wav,satisfied
EMO2531.wav,satisfied
EMO2535.wav,satisfied
EMO2538.wav,satisfied
EMO2547.wav,satisfied
EMO2558.wav,satisfied
EMO2694.wav,satisfied
EMO2695.wav,satisfied
EMO2696.wav,satisfied
EMO2703.wav,satisfied
EMO2705.wav,satisfied
EMO2706.wav,satisfied
EMO2707.wav,satisfied
EMO2708.wav,satisfied
EMO2709.wav,satisfied
EMO2710.wav,satisfied
EMO2737.wav,satisfied
EMO2777.wav,satisfied
EMO2786.wav,satisfied
EMO2791.wav,satisfied
EMO2800.wav,satisfied
EMO2803.wav,satisfied
EMO2827.wav,satisfied
EMO2828.wav,satisfied
EMO2829.wav,satisfied
EMO2830.wav,satisfied
EMO2847.wav,satisfied
EMO2848.wav,satisfied
EMO2849.wav,satisfied
EMO2851.wav,satisfied
EMO2852.wav,satisfied
EMO2853.wav,satisfied
EMO2855.wav,satisfied
EMO2856.wav,satisfied
EMO2859.wav,satisfied
EMO2868.wav,satisfied
EMO2873.wav,satisfied
EMO2874.wav,satisfied
EMO2875.wav,satisfied
EMO2877.wav,satisfied
EMO2878.wav,satisfied
EMO2879.wav,satisfied
EMO2880.wav,satisfied
EMO2881.wav,satisfied
EMO2882.wav,satisfied
EMO2899.wav,satisfied
EMO2904.wav,satisfied
EMO2910.wav,satisfied
EMO2912.wav,satisfied
EMO2913.wav,satisfied
EMO2914.wav,satisfied
EMO2915.wav,satisfied
EMO2916.wav,satisfied
EMO2917.wav,satisfied
EMO2919.wav,satisfied
EMO2922.wav,satisfied
EMO2923.wav,satisfied
EMO2926.wav,satisfied
EMO2927.wav,satisfied
EMO2928.wav,satisfied
EMO2931.wav,satisfied
EMO2934.wav,satisfied
EMO2936.wav,satisfied
EMO2944.wav,satisfied
EMO2945.wav,satisfied
EMO2948.wav,satisfied
EMO2950.wav,satisfied
EMO3006.wav,satisfied
EMO3007.wav,sad
EMO3008.wav,sad
EMO2523.wav,sad
EMO2524.wav,sad
EMO2525.wav,sad
EMO2527.wav,sad
EMO2528.wav,sad
EMO2529.wav,sad
EMO2530.wav,sad
EMO2533.wav,sad
EMO2541.wav,sad
EMO2550.wav,sad
EMO2555.wav,sad
EMO2557.wav,sad
EMO2578.wav,sad
EMO2658.wav,sad
EMO2748.wav,sad
EMO2774.wav,sad
EMO2780.wav,sad
EMO2781.wav,sad
EMO2785.wav,sad
EMO2816.wav,sad
EMO2817.wav,sad
EMO2833.wav,sad
EMO2838.wav,sad
EMO2841.wav,sad
EMO2844.wav,sad
EMO2860.wav,sad
EMO2861.wav,sad
EMO2862.wav,sad
EMO2864.wav,sad
EMO2866.wav,sad
EMO2867.wav,sad
EMO2869.wav,sad
EMO2921.wav,sad
EMO2924.wav,sad
EMO2947.wav,sad
EMO2647.wav,angry
EMO2519.wav,disgusted
EMO2534.wav,neutral
EMO2545.wav,disgusted
EMO2556.wav,disgusted
EMO2560.wav,disgusted
EMO2561.wav,satisfied
EMO2565.wav,satisfied
EMO2566.wav,satisfied
EMO2567.wav,disgusted
EMO2568.wav,disgusted
EMO2571.wav,neutral
EMO2572.wav,disgusted
EMO2573.wav,satisfied
EMO2574.wav,satisfied
EMO2575.wav,sad
EMO2576.wav,disgusted
EMO2577.wav,satisfied
EMO2579.wav,satisfied
EMO2580.wav,disgusted
EMO2582.wav,satisfied
EMO2583.wav,satisfied
EMO2584.wav,satisfied
EMO2585.wav,sad
EMO2586.wav,neutral
EMO2587.wav,sad
EMO2588.wav,neutral
EMO2589.wav,disgusted
EMO2590.wav,neutral
EMO2591.wav,neutral
EMO2595.wav,disgusted
EMO2596.wav,disgusted
EMO2597.wav,neutral
EMO2598.wav,disgusted
EMO2599.wav,satisfied
EMO2600.wav,neutral
EMO2602.wav,neutral
EMO2603.wav,neutral
EMO2604.wav,neutral
EMO2605.wav,disgusted
EMO2606.wav,disgusted
EMO2607.wav,disgusted
EMO2608.wav,disgusted
EMO2609.wav,disgusted
EMO2610.wav,disgusted
EMO2611.wav,disgusted
EMO2614.wav,disgusted
EMO2615.wav,disgusted
EMO2616.wav,disgusted
EMO2617.wav,disgusted
EMO2618.wav,neutral
EMO2619.wav,neutral
EMO2620.wav,disgusted
EMO2621.wav,disgusted
EMO2622.wav,disgusted
EMO2623.wav,disgusted
EMO2625.wav,disgusted
EMO2626.wav,disgusted
EMO2627.wav,disgusted
EMO2628.wav,neutral
EMO2629.wav,satisfied
EMO2630.wav,disgusted
EMO2631.wav,disgusted
EMO2632.wav,angry
EMO2633.wav,satisfied
EMO2634.wav,satisfied
EMO2636.wav,satisfied
EMO2637.wav,disgusted
EMO2638.wav,satisfied
EMO2639.wav,angry
EMO2640.wav,angry
EMO2641.wav,satisfied
EMO2642.wav,angry
EMO2643.wav,satisfied
EMO2644.wav,disgusted
EMO2645.wav,disgusted
EMO2648.wav,disgusted
EMO2650.wav,neutral
EMO2651.wav,angry
EMO2652.wav,disgusted
EMO2653.wav,disgusted
EMO2654.wav,disgusted
EMO2655.wav,disgusted
EMO2656.wav,disgusted
EMO2659.wav,disgusted
EMO2660.wav,satisfied
EMO2661.wav,sad
EMO2662.wav,sad
EMO2663.wav,sad
EMO2664.wav,neutral
EMO2665.wav,neutral
EMO2666.wav,disgusted
EMO2667.wav,disgusted
EMO2669.wav,satisfied
EMO2670.wav,neutral
EMO2673.wav,disgusted
EMO2676.wav,neutral
EMO2677.wav,sad
EMO2678.wav,disgusted
EMO2680.wav,disgusted
EMO2681.wav,disgusted
EMO2682.wav,satisfied
EMO2683.wav,satisfied
EMO2684.wav,neutral
EMO2685.wav,angry
EMO2686.wav,satisfied
EMO2687.wav,sad
EMO2688.wav,angry
EMO2689.wav,sad
EMO2691.wav,sad
EMO2692.wav,angry
EMO2693.wav,satisfied
EMO2697.wav,sad
EMO2698.wav,satisfied
EMO2699.wav,satisfied
EMO2700.wav,satisfied
EMO2702.wav,satisfied
EMO2704.wav,satisfied
EMO2711.wav,satisfied
EMO2713.wav,satisfied
EMO2714.wav,satisfied
EMO2715.wav,satisfied
EMO2716.wav,satisfied
EMO2717.wav,disgusted
EMO2718.wav,disgusted
EMO2719.wav,satisfied
EMO2720.wav,neutral
EMO2721.wav,disgusted
EMO2722.wav,neutral
EMO2725.wav,disgusted
EMO2726.wav,disgusted
EMO2727.wav,satisfied
EMO2728.wav,neutral
EMO2729.wav,disgusted
EMO2730.wav,disgusted
EMO2731.wav,sad
EMO2733.wav,satisfied
EMO2734.wav,disgusted
EMO2735.wav,satisfied
EMO2736.wav,joy
EMO2738.wav,sad
EMO2739.wav,disgusted
EMO2740.wav,satisfied
EMO2741.wav,disgusted
EMO2742.wav,angry
EMO2744.wav,disgusted
EMO2745.wav,disgusted
EMO2746.wav,disgusted
EMO2747.wav,disgusted
EMO2749.wav,disgusted
EMO2750.wav,satisfied
EMO2751.wav,satisfied
EMO2752.wav,disgusted
EMO2753.wav,satisfied
EMO2755.wav,disgusted
EMO2756.wav,disgusted
EMO2757.wav,disgusted
EMO2758.wav,satisfied
EMO2760.wav,disgusted
EMO2761.wav,sad
EMO2762.wav,satisfied
EMO2763.wav,satisfied
EMO2764.wav,satisfied
EMO2766.wav,disgusted
EMO2767.wav,satisfied
EMO2768.wav,satisfied
EMO2769.wav,satisfied
EMO2772.wav,disgusted
EMO2773.wav,satisfied
EMO2778.wav,disgusted
EMO2782.wav,sad
EMO2783.wav,satisfied
EMO2790.wav,satisfied
EMO2793.wav,satisfied
EMO2795.wav,disgusted
EMO2796.wav,disgusted
EMO2797.wav,disgusted
EMO2799.wav,angry
EMO2802.wav,disgusted
EMO2804.wav,joy
EMO2814.wav,disgusted
EMO2815.wav,satisfied
EMO2818.wav,satisfied
EMO2822.wav,satisfied
EMO2823.wav,satisfied
EMO2824.wav,satisfied
EMO2826.wav,satisfied
EMO2834.wav,disgusted
EMO2837.wav,satisfied
EMO2839.wav,sad
EMO2842.wav,sad
EMO2857.wav,disgusted
EMO2888.wav,disgusted
EMO2889.wav,sad
EMO2900.wav,neutral
EMO2902.wav,neutral
EMO2925.wav,satisfied
EMO3011.wav,disgusted
EMO3012.wav,satisfied
EMO3013.wav,disgusted
EMO3014.wav,disgusted
EMO3015.wav,joy
EMO3016.wav,disgusted
EMO3017.wav,disgusted
EMO3018.wav,satisfied
EMO2536.wav,neutral
EMO2911.wav,neutral
EMO2920.wav,neutral
EMO2949.wav,neutral
EMO2951.wav,neutral
EMO2593.wav,disgusted
EMO2759.wav,disgusted
EMO2805.wav,satisfied
EMO2845.wav,disgusted
EMO2275.wav,neutral
EMO1237.wav,sad
EMO2283.wav,angry
EMO2277.wav,disgusted
EMO124.wav,joy
EMO2280.wav,disgusted
EMO2891.wav,angry
EMO2890.wav,angry
EMO659.wav,angry
EMO5.wav,angry
EMO3077.wav,disgusted
EMO2276.wav,disgusted
EMO2955.wav,joy
EMO2282.wav,satisfied
EMO2520.wav,disgusted
EMO2956.wav,satisfied
EMO3.wav,joy
EMO2.wav,sad
EMO1235.wav,sad
EMO1236.wav,satisfied
EMO4.wav,satisfied
EMO1.wav,satisfied
EMO2279.wav,disgusted
EMO2954.wav,satisfied
EMO2278.wav,disgusted
EMO2281.wav,satisfied
EMO169.wav,satisfied
EMO2957.wav,joy
